Date	Open	High	Low	Close	Adj Close	Volume
01 07, 2022	1.791	1.797	1.784	1.797	1.797	30
01 06, 2022	1.787	1.791	1.787	1.788	1.788	30
01 05, 2022	1.813	1.824	1.813	1.824	1.824	8
01 04, 2022	1.800	1.815	1.800	1.814	1.814	38
01 03, 2022	1.830	1.830	1.798	1.799	1.799	116
12 31, 2021	1.825	1.827	1.821	1.827	1.827	80
12 30, 2021	1.801	1.816	1.796	1.812	1.812	306
12 29, 2021	1.803	1.805	1.791	1.805	1.805	623
12 28, 2021	1.812	1.818	1.805	1.810	1.810	146
12 27, 2021	1.810	1.812	1.807	1.808	1.808	150
12 23, 2021	1.806	1.811	1.800	1.811	1.811	193
12 22, 2021	1.786	1.805	1.785	1.801	1.801	567
12 21, 2021	1.791	1.796	1.787	1.787	1.787	575
12 20, 2021	1.796	1.799	1.792	1.793	1.793	226
12 17, 2021	1.804	1.812	1.803	1.803	1.803	654
12 16, 2021	1.781	1.798	1.781	1.796	1.796	21
12 15, 2021	1.767	1.778	1.753	1.762	1.762	283
12 14, 2021	1.787	1.787	1.769	1.770	1.770	322
12 13, 2021	1.784	1.787	1.783	1.786	1.786	206
12 10, 2021	1.773	1.785	1.769	1.782	1.782	545
12 09, 2021	1.783	1.783	1.771	1.774	1.774	455
12 08, 2021	1.789	1.789	1.779	1.783	1.783	1.383
12 07, 2021	1.779	1.786	1.772	1.782	1.782	308
12 06, 2021	1.780	1.783	1.777	1.777	1.777	381
12 03, 2021	1.767	1.785	1.766	1.782	1.782	694
12 02, 2021	1.780	1.780	1.760	1.760	1.760	1.557
12 01, 2021	1.774	1.790	1.772	1.781	1.781	1.128
11 30, 2021	1.783	1.808	1.768	1.773	1.773	4.903
11 29, 2021	1.791	1.798	1.779	1.782	1.782	26.926
11 26, 2021	1.791	1.791	1.785	1.785	1.785	186.800
11 25, 2021	1.791	1.791	1.791	1.791	1.791	188
11 24, 2021	1.793	1.793	1.781	1.784	1.784	188
11 23, 2021	1.795	1.795	1.783	1.783	1.783	264
11 22, 2021	1.841	1.841	1.805	1.806	1.806	14
11 19, 2021	1.851	1.851	1.851	1.851	1.851	21
11 18, 2021	1.861	1.861	1.861	1.861	1.861	9
11 17, 2021	1.862	1.869	1.862	1.869	1.869	2
11 16, 2021	1.853	1.853	1.853	1.853	1.853	1
11 15, 2021	1.864	1.866	1.864	1.866	1.866	87
11 12, 2021	1.860	1.867	1.847	1.867	1.867	210
11 11, 2021	1.853	1.866	1.853	1.863	1.863	292
11 10, 2021	1.825	1.865	1.824	1.847	1.847	795
11 09, 2021	1.826	1.832	1.820	1.830	1.830	170
11 08, 2021	1.817	1.827	1.816	1.827	1.827	261
11 04, 2021	1.794	1.817	1.794	1.816	1.816	239
11 03, 2021	1.776	1.798	1.776	1.793	1.793	103
11 02, 2021	1.768	1.768	1.761	1.763	1.763	108
11 01, 2021	1.790	1.795	1.787	1.788	1.788	213
10 31, 2021	1.787	1.795	1.786	1.795	1.795	142
10 28, 2021	1.793	1.797	1.774	1.783	1.783	583
10 27, 2021	1.795	1.807	1.795	1.801	1.801	452
10 26, 2021	1.791	1.798	1.791	1.797	1.797	543
10 25, 2021	1.808	1.808	1.788	1.792	1.792	359
10 24, 2021	1.794	1.809	1.794	1.806	1.806	140
10 21, 2021	1.787	1.806	1.784	1.795	1.795	532
10 20, 2021	1.782	1.785	1.781	1.781	1.781	146
10 19, 2021	1.774	1.785	1.774	1.784	1.784	127
10 18, 2021	1.777	1.785	1.767	1.769	1.769	51
10 17, 2021	1.761	1.770	1.759	1.764	1.764	266
10 14, 2021	1.794	1.795	1.766	1.767	1.767	874
10 13, 2021	1.792	1.799	1.792	1.796	1.796	337
10 12, 2021	1.760	1.794	1.760	1.793	1.793	150
10 11, 2021	1.751	1.768	1.749	1.758	1.758	139
10 10, 2021	1.756	1.757	1.752	1.754	1.754	128
10 07, 2021	1.757	1.780	1.754	1.756	1.756	254
10 06, 2021	1.762	1.762	1.752	1.757	1.757	336
10 05, 2021	1.759	1.762	1.744	1.760	1.760	56
10 04, 2021	1.764	1.764	1.749	1.759	1.759	98
10 03, 2021	1.764	1.768	1.749	1.766	1.766	417
09 30, 2021	1.754	1.762	1.748	1.757	1.757	2.220
09 29, 2021	1.725	1.760	1.724	1.755	1.755	997
09 28, 2021	1.732	1.744	1.721	1.721	1.721	6.634
09 27, 2021	1.739	1.741	1.726	1.735	1.735	15.748
09 26, 2021	1.751	1.754	1.747	1.750	1.750	808
09 23, 2021	1.749	1.749	1.745	1.749	1.749	76
09 22, 2021	1.766	1.766	1.738	1.747	1.747	31
09 21, 2021	1.776	1.784	1.767	1.776	1.776	17
09 20, 2021	1.762	1.776	1.759	1.776	1.776	106
09 19, 2021	1.751	1.761	1.750	1.761	1.761	185
09 16, 2021	1.758	1.763	1.749	1.749	1.749	581
09 15, 2021	1.792	1.792	1.743	1.754	1.754	1.645
09 14, 2021	1.803	1.803	1.792	1.792	1.792	59
09 13, 2021	1.791	1.806	1.783	1.804	1.804	764
09 12, 2021	1.789	1.796	1.784	1.792	1.792	533
09 09, 2021	1.789	1.789	1.789	1.789	1.789	-
09 08, 2021	1.798	1.798	1.787	1.797	1.797	49
09 07, 2021	1.781	1.790	1.781	1.790	1.790	69
09 06, 2021	1.825	1.825	1.792	1.795	1.795	48
09 02, 2021	1.820	1.833	1.818	1.830	1.830	53
09 01, 2021	1.813	1.813	1.806	1.808	1.808	26
08 31, 2021	1.813	1.815	1.809	1.813	1.813	114
08 30, 2021	1.815	1.815	1.801	1.815	1.815	82
08 29, 2021	1.818	1.820	1.807	1.809	1.809	684
08 26, 2021	1.803	1.816	1.803	1.816	1.816	1.219
08 25, 2021	1.787	1.792	1.781	1.792	1.792	61
08 24, 2021	1.792	1.792	1.784	1.788	1.788	812
08 23, 2021	1.801	1.805	1.801	1.805	1.805	22
08 22, 2021	1.776	1.804	1.776	1.803	1.803	32
08 19, 2021	1.784	1.787	1.778	1.781	1.781	235
08 18, 2021	1.780	1.789	1.775	1.780	1.780	245
08 17, 2021	1.787	1.791	1.779	1.781	1.781	263
08 16, 2021	1.787	1.794	1.780	1.785	1.785	200
08 15, 2021	1.776	1.787	1.771	1.786	1.786	219
08 12, 2021	1.758	1.777	1.757	1.775	1.775	436
08 11, 2021	1.749	1.752	1.745	1.749	1.749	739
08 10, 2021	1.727	1.752	1.727	1.750	1.750	542
08 09, 2021	1.728	1.735	1.720	1.728	1.728	1.363
08 08, 2021	1.753	1.753	1.692	1.723	1.723	1.621
08 05, 2021	1.799	1.800	1.758	1.760	1.760	859
08 04, 2021	1.810	1.813	1.796	1.805	1.805	588
08 03, 2021	1.809	1.831	1.806	1.810	1.810	2.860
08 02, 2021	1.812	1.813	1.806	1.810	1.810	3.341
08 01, 2021	1.812	1.818	1.804	1.818	1.818	1.334
07 29, 2021	1.828	1.830	1.808	1.812	1.812	3.100
07 28, 2021	1.806	1.832	1.806	1.831	1.831	30.496
07 27, 2021	1.799	1.799	1.799	1.799	1.799	209.783
07 26, 2021	1.803	1.803	1.799	1.799	1.799	1
07 25, 2021	1.802	1.802	1.797	1.798	1.798	17
07 22, 2021	1.800	1.801	1.800	1.801	1.801	1
07 21, 2021	1.793	1.805	1.793	1.805	1.805	2
07 20, 2021	1.807	1.807	1.800	1.802	1.802	135
07 19, 2021	1.812	1.824	1.810	1.810	1.810	128
07 18, 2021	1.803	1.813	1.803	1.808	1.808	33
07 15, 2021	1.830	1.831	1.814	1.814	1.814	78
07 14, 2021	1.831	1.833	1.823	1.828	1.828	99
07 13, 2021	1.813	1.829	1.813	1.824	1.824	707
07 12, 2021	1.808	1.812	1.800	1.809	1.809	78
07 11, 2021	1.802	1.805	1.799	1.805	1.805	147
07 08, 2021	1.803	1.810	1.798	1.810	1.810	218
07 07, 2021	1.797	1.818	1.797	1.799	1.799	148
07 06, 2021	1.798	1.808	1.797	1.801	1.801	244
07 05, 2021	1.786	1.809	1.786	1.793	1.793	332
07 01, 2021	1.778	1.787	1.778	1.782	1.782	23
06 30, 2021	1.775	1.781	1.768	1.775	1.775	44
06 29, 2021	1.761	1.770	1.759	1.770	1.770	51
06 28, 2021	1.776	1.777	1.752	1.762	1.762	419
06 27, 2021	1.779	1.779	1.779	1.779	1.779	888
06 24, 2021	1.777	1.788	1.775	1.776	1.776	35
06 23, 2021	1.778	1.786	1.775	1.775	1.775	78
06 22, 2021	1.780	1.793	1.780	1.782	1.782	136
06 21, 2021	1.783	1.786	1.775	1.776	1.776	101
06 20, 2021	1.768	1.785	1.766	1.781	1.781	38
06 17, 2021	1.775	1.792	1.767	1.767	1.767	354
06 16, 2021	1.811	1.823	1.769	1.773	1.773	1.135
06 15, 2021	1.859	1.860	1.809	1.859	1.859	117
06 14, 2021	1.866	1.867	1.854	1.854	1.854	78
06 13, 2021	1.866	1.866	1.846	1.864	1.864	41
06 10, 2021	1.900	1.902	1.875	1.877	1.877	349
06 09, 2021	1.887	1.899	1.871	1.894	1.894	186
06 08, 2021	1.894	1.897	1.889	1.893	1.893	148
06 07, 2021	1.896	1.902	1.890	1.892	1.892	930
06 06, 2021	1.890	1.899	1.883	1.896	1.896	87
06 03, 2021	1.869	1.895	1.854	1.889	1.889	367
06 02, 2021	1.908	1.908	1.865	1.871	1.871	1.021
06 01, 2021	1.899	1.908	1.896	1.907	1.907	1.267
05 31, 2021	1.905	1.916	1.892	1.902	1.902	640
05 27, 2021	1.897	1.905	1.881	1.902	1.902	2.415
05 26, 2021	1.896	1.903	1.888	1.895	1.895	35.794
05 25, 2021	1.901	1.901	1.901	1.901	1.901	170.526
05 24, 2021	1.882	1.898	1.882	1.898	1.898	56
05 23, 2021	1.882	1.884	1.882	1.884	1.884	39
05 20, 2021	1.872	1.876	1.872	1.876	1.876	5
05 19, 2021	1.865	1.885	1.864	1.881	1.881	85
05 18, 2021	1.866	1.884	1.863	1.881	1.881	348
05 17, 2021	1.870	1.870	1.867	1.867	1.867	3
05 16, 2021	1.849	1.867	1.847	1.867	1.867	13
05 13, 2021	1.824	1.842	1.824	1.837	1.837	41
05 12, 2021	1.814	1.826	1.814	1.823	1.823	100
05 11, 2021	1.825	1.825	1.821	1.822	1.822	3
05 10, 2021	1.837	1.838	1.831	1.835	1.835	420
05 09, 2021	1.835	1.845	1.835	1.837	1.837	13
05 06, 2021	1.842	1.842	1.831	1.831	1.831	2
05 05, 2021	1.788	1.815	1.787	1.815	1.815	13
05 04, 2021	1.781	1.784	1.779	1.784	1.784	57
05 03, 2021	1.788	1.788	1.774	1.775	1.775	182
05 02, 2021	1.788	1.793	1.788	1.791	1.791	18
04 29, 2021	1.771	1.771	1.763	1.767	1.767	18
04 28, 2021	1.781	1.789	1.758	1.768	1.768	196
04 27, 2021	1.768	1.774	1.764	1.773	1.773	756
04 26, 2021	1.780	1.782	1.777	1.778	1.778	117
04 25, 2021	1.778	1.779	1.770	1.779	1.779	549
04 22, 2021	1.786	1.794	1.772	1.777	1.777	332
04 21, 2021	1.794	1.794	1.779	1.781	1.781	159
04 20, 2021	1.783	1.794	1.777	1.792	1.792	250
04 19, 2021	1.769	1.777	1.765	1.777	1.777	1.464
04 18, 2021	1.782	1.788	1.769	1.769	1.769	144
04 15, 2021	1.770	1.779	1.770	1.779	1.779	625
04 14, 2021	1.740	1.767	1.740	1.765	1.765	368
04 13, 2021	1.741	1.745	1.732	1.734	1.734	1.037
04 12, 2021	1.733	1.746	1.722	1.746	1.746	367
04 11, 2021	1.740	1.740	1.726	1.731	1.731	40
04 08, 2021	1.750	1.750	1.733	1.743	1.743	484
04 07, 2021	1.736	1.758	1.734	1.756	1.756	1.298
04 06, 2021	1.742	1.742	1.733	1.740	1.740	557
04 05, 2021	1.726	1.744	1.726	1.741	1.741	890
04 04, 2021	1.727	1.729	1.721	1.727	1.727	275
03 31, 2021	1.706	1.728	1.706	1.726	1.726	720
03 30, 2021	1.683	1.713	1.676	1.713	1.713	762
03 29, 2021	1.711	1.712	1.676	1.683	1.683	25.316
03 28, 2021	1.712	1.712	1.712	1.712	1.712	135.457
03 25, 2021	1.721	1.732	1.721	1.732	1.732	33
03 24, 2021	1.732	1.733	1.724	1.724	1.724	15
03 23, 2021	1.727	1.732	1.727	1.732	1.732	26
03 22, 2021	1.724	1.724	1.724	1.724	1.724	6
03 21, 2021	1.737	1.737	1.737	1.737	1.737	51
03 18, 2021	1.742	1.742	1.733	1.741	1.741	13
03 17, 2021	1.745	1.750	1.721	1.732	1.732	138
03 16, 2021	1.735	1.750	1.725	1.726	1.726	488
03 15, 2021	1.732	1.733	1.726	1.730	1.730	729
03 14, 2021	1.729	1.731	1.722	1.728	1.728	147
03 12, 2021	1.715	1.722	1.699	1.719	1.719	80
03 11, 2021	1.725	1.737	1.720	1.722	1.722	18
03 10, 2021	1.713	1.722	1.711	1.721	1.721	412
03 09, 2021	1.686	1.717	1.685	1.716	1.716	335
03 08, 2021	1.704	1.705	1.673	1.677	1.677	1.290
03 05, 2021	1.690	1.701	1.685	1.698	1.698	302
03 04, 2021	1.706	1.717	1.700	1.700	1.700	521
03 03, 2021	1.730	1.732	1.703	1.715	1.715	501
03 02, 2021	1.709	1.733	1.708	1.733	1.733	867
03 01, 2021	1.737	1.747	1.720	1.722	1.722	407
02 26, 2021	1.768	1.768	1.718	1.728	1.728	1.593
02 25, 2021	1.801	1.802	1.766	1.774	1.774	1.049
02 24, 2021	1.805	1.805	1.796	1.796	1.796	1.500
02 23, 2021	1.809	1.811	1.796	1.804	1.804	569
02 22, 2021	1.784	1.807	1.784	1.806	1.806	165
02 19, 2021	1.764	1.787	1.764	1.775	1.775	118
02 18, 2021	1.776	1.784	1.766	1.773	1.773	587
02 17, 2021	1.785	1.789	1.768	1.771	1.771	614
02 16, 2021	1.820	1.823	1.787	1.797	1.797	1.141
02 12, 2021	1.825	1.827	1.809	1.821	1.821	259
02 11, 2021	1.840	1.845	1.820	1.824	1.824	602
02 10, 2021	1.842	1.851	1.837	1.840	1.840	543
02 09, 2021	1.841	1.843	1.830	1.835	1.835	184
02 08, 2021	1.816	1.836	1.809	1.831	1.831	254
02 05, 2021	1.794	1.813	1.790	1.810	1.810	1.278
02 04, 2021	1.832	1.832	1.782	1.788	1.788	2.375
02 03, 2021	1.834	1.842	1.829	1.832	1.832	1.195
02 02, 2021	1.859	1.861	1.827	1.830	1.830	1.293
02 01, 2021	1.866	1.871	1.850	1.860	1.860	1.494
01 29, 2021	1.842	1.876	1.838	1.847	1.847	1.634
01 28, 2021	1.843	1.862	1.831	1.837	1.837	27.283
01 27, 2021	1.844	1.844	1.844	1.844	1.844	195.540
01 26, 2021	1.855	1.855	1.850	1.850	1.850	59
01 25, 2021	1.864	1.864	1.851	1.854	1.854	26
01 22, 2021	1.854	1.855	1.852	1.855	1.855	8
01 21, 2021	1.865	1.868	1.865	1.865	1.865	6
01 20, 2021	1.847	1.866	1.844	1.865	1.865	16
01 19, 2021	1.802	1.842	1.802	1.839	1.839	13
01 15, 2021	1.829	1.829	1.825	1.829	1.829	31
01 14, 2021	1.836	1.850	1.836	1.850	1.850	149
01 13, 2021	1.858	1.858	1.853	1.853	1.853	189
01 12, 2021	1.849	1.859	1.839	1.842	1.842	176
01 11, 2021	1.826	1.849	1.826	1.849	1.849	20
01 08, 2021	1.908	1.908	1.834	1.834	1.834	60
01 07, 2021	1.922	1.926	1.912	1.912	1.912	122
01 06, 2021	1.952	1.959	1.901	1.906	1.906	331
01 05, 2021	1.941	1.952	1.941	1.952	1.952	113
01 04, 2021	1.912	1.945	1.912	1.944	1.944	154
12 31, 2020	1.897	1.901	1.892	1.893	1.893	127
12 30, 2020	1.879	1.895	1.877	1.891	1.891	444
12 29, 2020	1.881	1.881	1.879	1.879	1.879	343
12 28, 2020	1.895	1.895	1.873	1.877	1.877	75
12 24, 2020	1.877	1.879	1.875	1.879	1.879	46
12 23, 2020	1.867	1.878	1.864	1.874	1.874	82
12 22, 2020	1.882	1.882	1.861	1.866	1.866	233
12 21, 2020	1.884	1.908	1.869	1.879	1.879	136
12 18, 2020	1.882	1.889	1.882	1.885	1.885	276
12 17, 2020	1.874	1.896	1.874	1.887	1.887	414
12 16, 2020	1.856	1.864	1.850	1.856	1.856	1.090
12 15, 2020	1.833	1.853	1.833	1.852	1.852	961
12 14, 2020	1.835	1.835	1.822	1.828	1.828	258
12 11, 2020	1.838	1.846	1.829	1.839	1.839	109
12 10, 2020	1.833	1.849	1.828	1.833	1.833	177
12 09, 2020	1.867	1.867	1.827	1.834	1.834	215
12 08, 2020	1.863	1.875	1.861	1.870	1.870	121
12 07, 2020	1.836	1.866	1.820	1.861	1.861	1.427
12 04, 2020	1.840	1.847	1.828	1.835	1.835	1.213
12 03, 2020	1.829	1.842	1.825	1.836	1.836	1.765
12 02, 2020	1.811	1.830	1.807	1.825	1.825	771
12 01, 2020	1.775	1.815	1.774	1.814	1.814	1.859
11 30, 2020	1.785	1.787	1.762	1.775	1.775	3.145
11 27, 2020	1.806	1.817	1.770	1.781	1.781	71.804
11 25, 2020	1.801	1.805	1.801	1.805	1.805	205.754
11 24, 2020	1.829	1.829	1.799	1.804	1.804	1.041
11 23, 2020	1.834	1.837	1.829	1.837	1.837	843
11 20, 2020	1.871	1.872	1.871	1.872	1.872	1.900
11 19, 2020	1.865	1.865	1.856	1.861	1.861	59
11 18, 2020	1.873	1.873	1.873	1.873	1.873	152
11 17, 2020	1.888	1.888	1.884	1.884	1.884	59
11 16, 2020	1.874	1.887	1.871	1.887	1.887	6
11 13, 2020	1.877	1.890	1.876	1.885	1.885	240
11 12, 2020	1.869	1.878	1.866	1.872	1.872	220
11 11, 2020	1.878	1.878	1.855	1.860	1.860	222
11 10, 2020	1.879	1.885	1.871	1.875	1.875	276
11 09, 2020	1.955	1.963	1.847	1.853	1.853	745
11 06, 2020	1.940	1.958	1.940	1.950	1.950	304
11 05, 2020	1.901	1.948	1.901	1.945	1.945	135
11 04, 2020	1.893	1.907	1.885	1.894	1.894	782
11 03, 2020	1.891	1.908	1.891	1.908	1.908	712
11 02, 2020	1.872	1.894	1.872	1.890	1.890	190
10 29, 2020	1.862	1.886	1.862	1.877	1.877	725
10 28, 2020	1.876	1.879	1.858	1.865	1.865	240
10 27, 2020	1.870	1.876	1.870	1.876	1.876	277
10 26, 2020	1.904	1.908	1.904	1.908	1.908	176
10 25, 2020	1.895	1.907	1.893	1.902	1.902	242
10 22, 2020	1.899	1.913	1.896	1.902	1.902	287
10 21, 2020	1.924	1.924	1.898	1.901	1.901	899
10 20, 2020	1.913	1.927	1.913	1.924	1.924	1.202
10 19, 2020	1.901	1.910	1.896	1.910	1.910	329
10 18, 2020	1.907	1.907	1.899	1.906	1.906	43
10 15, 2020	1.898	1.900	1.898	1.900	1.900	53
10 14, 2020	1.897	1.906	1.889	1.903	1.903	254
10 13, 2020	1.889	1.910	1.882	1.901	1.901	33
10 12, 2020	1.921	1.922	1.887	1.888	1.888	191
10 11, 2020	1.924	1.926	1.921	1.922	1.922	96
10 08, 2020	1.909	1.929	1.905	1.919	1.919	580
10 07, 2020	1.893	1.893	1.882	1.888	1.888	348
10 06, 2020	1.874	1.889	1.873	1.883	1.883	50
10 05, 2020	1.906	1.918	1.874	1.901	1.901	968
10 04, 2020	1.898	1.915	1.884	1.912	1.912	1.360
10 01, 2020	1.893	1.913	1.893	1.900	1.900	530
09 30, 2020	1.884	1.909	1.882	1.908	1.908	730
09 29, 2020	1.893	1.899	1.879	1.887	1.887	600
09 28, 2020	1.876	1.895	1.872	1.894	1.894	3.283
09 27, 2020	1.872	1.872	1.872	1.872	1.872	10.455
09 24, 2020	1.856	1.857	1.856	1.857	1.857	4
09 23, 2020	1.851	1.868	1.851	1.868	1.868	365
09 22, 2020	1.875	1.875	1.859	1.859	1.859	5
09 21, 2020	1.913	1.913	1.898	1.898	1.898	331
09 20, 2020	1.946	1.946	1.883	1.901	1.901	52
09 17, 2020	1.950	1.952	1.949	1.952	1.952	38
09 16, 2020	1.939	1.946	1.933	1.940	1.940	67
09 15, 2020	1.961	1.961	1.956	1.960	1.960	124
09 14, 2020	1.955	1.968	1.955	1.956	1.956	74
09 13, 2020	1.946	1.953	1.943	1.953	1.953	55
09 10, 2020	1.944	1.949	1.937	1.937	1.937	73
09 09, 2020	1.944	1.962	1.944	1.954	1.954	722
09 08, 2020	1.926	1.946	1.924	1.944	1.944	219
09 07, 2020	1.930	1.937	1.903	1.933	1.933	271
09 03, 2020	1.927	1.939	1.917	1.923	1.923	607
09 02, 2020	1.937	1.938	1.923	1.927	1.927	179
09 01, 2020	1.967	1.967	1.934	1.934	1.934	71
08 31, 2020	1.961	1.986	1.961	1.968	1.968	186
08 30, 2020	1.970	1.971	1.953	1.967	1.967	158
08 27, 2020	1.927	1.971	1.922	1.964	1.964	778
08 26, 2020	1.948	1.972	1.921	1.921	1.921	2.303
08 25, 2020	1.909	1.950	1.909	1.940	1.940	287
08 24, 2020	1.927	1.928	1.911	1.911	1.911	176
08 23, 2020	1.930	1.940	1.922	1.927	1.927	85
08 20, 2020	1.941	1.945	1.908	1.934	1.934	184
08 19, 2020	1.941	1.948	1.922	1.933	1.933	106
08 18, 2020	1.980	1.980	1.938	1.958	1.958	347
08 17, 2020	2.001	2.002	1.972	1.999	1.999	92
08 16, 2020	1.949	1.985	1.949	1.985	1.985	97
08 13, 2020	1.938	1.947	1.937	1.937	1.937	201
08 12, 2020	1.921	1.957	1.916	1.956	1.956	71
08 11, 2020	1.923	1.946	1.871	1.934	1.934	404
08 10, 2020	2.012	2.016	1.904	1.932	1.932	971
08 09, 2020	2.026	2.043	2.017	2.024	2.024	233
08 06, 2020	2.040	2.055	2.009	2.010	2.010	808
08 05, 2020	2.045	2.063	2.040	2.051	2.051	294
08 04, 2020	2.024	2.050	2.011	2.031	2.031	1.422
08 03, 2020	1.971	2.016	1.968	2.001	2.001	2.010
08 02, 2020	1.984	1.984	1.955	1.966	1.966	683
07 30, 2020	1.948	1.981	1.948	1.962	1.962	2.914
07 29, 2020	1.963	1.965	1.930	1.942	1.942	28.853
07 28, 2020	1.953	1.953	1.952	1.953	1.953	209.835
07 27, 2020	1.931	1.944	1.928	1.944	1.944	825
07 26, 2020	1.901	1.938	1.901	1.931	1.931	364
07 23, 2020	1.884	1.897	1.884	1.897	1.897	474
07 22, 2020	1.868	1.890	1.868	1.889	1.889	133
07 21, 2020	1.858	1.867	1.854	1.864	1.864	213
07 20, 2020	1.822	1.842	1.822	1.842	1.842	117
07 19, 2020	1.807	1.817	1.807	1.815	1.815	89
07 16, 2020	1.798	1.810	1.798	1.808	1.808	24
07 15, 2020	1.810	1.810	1.794	1.798	1.798	146
07 14, 2020	1.806	1.813	1.806	1.811	1.811	167
07 13, 2020	1.791	1.811	1.791	1.810	1.810	339
07 12, 2020	1.805	1.811	1.805	1.811	1.811	164
07 09, 2020	1.805	1.805	1.797	1.798	1.798	236
07 08, 2020	1.816	1.819	1.799	1.799	1.799	396
07 07, 2020	1.801	1.817	1.801	1.815	1.815	209
07 06, 2020	1.789	1.804	1.783	1.804	1.804	751
07 05, 2020	1.788	1.790	1.788	1.788	1.788	172
07 01, 2020	1.773	1.784	1.768	1.784	1.784	215
06 30, 2020	1.793	1.798	1.765	1.773	1.773	331
06 29, 2020	1.777	1.793	1.774	1.793	1.793	986
06 28, 2020	1.779	1.780	1.774	1.774	1.774	584
06 25, 2020	1.766	1.772	1.764	1.772	1.772	640
06 24, 2020	1.761	1.764	1.759	1.762	1.762	207
06 23, 2020	1.778	1.783	1.764	1.765	1.765	961
06 22, 2020	1.755	1.776	1.754	1.772	1.772	666
06 21, 2020	1.755	1.767	1.750	1.756	1.756	1.356
06 18, 2020	1.723	1.750	1.723	1.745	1.745	1.329
06 17, 2020	1.730	1.734	1.717	1.724	1.724	110
06 16, 2020	1.714	1.729	1.714	1.729	1.729	51
06 15, 2020	1.726	1.729	1.722	1.729	1.729	22
06 14, 2020	1.730	1.730	1.703	1.720	1.720	188
06 11, 2020	1.724	1.743	1.724	1.729	1.729	318
06 10, 2020	1.737	1.744	1.720	1.732	1.732	347
06 09, 2020	1.716	1.740	1.711	1.713	1.713	718
06 08, 2020	1.694	1.720	1.692	1.714	1.714	690
06 07, 2020	1.679	1.699	1.675	1.698	1.698	587
06 04, 2020	1.711	1.711	1.668	1.676	1.676	1.502
06 03, 2020	1.694	1.718	1.694	1.718	1.718	807
06 02, 2020	1.726	1.726	1.684	1.697	1.697	2.755
06 01, 2020	1.743	1.745	1.721	1.725	1.725	741
05 31, 2020	1.740	1.747	1.727	1.737	1.737	871
05 28, 2020	1.718	1.738	1.715	1.736	1.736	1.526
05 27, 2020	1.709	1.727	1.705	1.713	1.713	23.355
05 26, 2020	1.685	1.710	1.685	1.710	1.710	137.416
05 25, 2020	1.726	1.726	1.704	1.704	1.704	39
05 21, 2020	1.726	1.734	1.726	1.734	1.734	6
05 20, 2020	1.746	1.746	1.720	1.720	1.720	528
05 19, 2020	1.751	1.752	1.745	1.750	1.750	16
05 18, 2020	1.744	1.749	1.744	1.744	1.744	167
05 17, 2020	1.755	1.770	1.731	1.731	1.731	229
05 14, 2020	1.739	1.753	1.739	1.753	1.753	719
05 13, 2020	1.724	1.743	1.720	1.738	1.738	672
05 12, 2020	1.702	1.721	1.701	1.713	1.713	431
05 11, 2020	1.699	1.713	1.699	1.704	1.704	324
05 10, 2020	1.702	1.704	1.690	1.695	1.695	749
05 07, 2020	1.726	1.728	1.703	1.709	1.709	330
05 06, 2020	1.686	1.721	1.685	1.721	1.721	853
05 05, 2020	1.704	1.704	1.684	1.684	1.684	469
05 04, 2020	1.701	1.704	1.697	1.704	1.704	82
05 03, 2020	1.702	1.709	1.699	1.706	1.706	320
04 30, 2020	1.686	1.701	1.670	1.694	1.694	337
04 29, 2020	1.719	1.719	1.680	1.684	1.684	327
04 28, 2020	1.710	1.713	1.702	1.703	1.703	373
04 27, 2020	1.716	1.716	1.707	1.710	1.710	1.255
04 26, 2020	1.731	1.731	1.711	1.711	1.711	169
04 23, 2020	1.744	1.744	1.714	1.723	1.723	221
04 22, 2020	1.734	1.745	1.733	1.733	1.733	482
04 21, 2020	1.696	1.728	1.684	1.728	1.728	453
04 20, 2020	1.697	1.707	1.659	1.678	1.678	666
04 19, 2020	1.686	1.701	1.680	1.701	1.701	106
04 16, 2020	1.715	1.725	1.684	1.689	1.689	223
04 15, 2020	1.731	1.750	1.715	1.720	1.720	162
04 14, 2020	1.739	1.744	1.722	1.727	1.727	642
04 13, 2020	1.756	1.775	1.739	1.756	1.756	675
04 12, 2020	1.722	1.756	1.710	1.744	1.744	696
04 08, 2020	1.662	1.736	1.662	1.736	1.736	825
04 07, 2020	1.669	1.677	1.662	1.665	1.665	747
04 06, 2020	1.695	1.724	1.658	1.664	1.664	1.144
04 05, 2020	1.629	1.696	1.625	1.677	1.677	1.063
04 02, 2020	1.624	1.636	1.619	1.633	1.633	643
04 01, 2020	1.590	1.631	1.586	1.625	1.625	1.294
03 31, 2020	1.570	1.600	1.570	1.578	1.578	2.158
03 30, 2020	1.618	1.621	1.576	1.583	1.583	2.874
03 29, 2020	1.641	1.652	1.607	1.622	1.622	16.389
03 26, 2020	1.623	1.623	1.623	1.623	1.623	100.638
03 25, 2020	1.660	1.660	1.650	1.650	1.650	3
03 24, 2020	1.676	1.676	1.631	1.632	1.632	476
03 23, 2020	1.592	1.685	1.592	1.660	1.660	442
03 22, 2020	1.505	1.567	1.490	1.567	1.567	51
03 19, 2020	1.483	1.484	1.483	1.484	1.484	14
03 18, 2020	1.481	1.491	1.471	1.478	1.478	262
03 17, 2020	1.537	1.542	1.477	1.477	1.477	333
03 16, 2020	1.469	1.537	1.469	1.524	1.524	122
03 15, 2020	1.569	1.569	1.452	1.485	1.485	193
03 12, 2020	1.574	1.589	1.513	1.515	1.515	89
03 11, 2020	1.637	1.647	1.566	1.589	1.589	256
03 10, 2020	1.656	1.666	1.635	1.641	1.641	47
03 09, 2020	1.671	1.674	1.643	1.659	1.659	48
03 08, 2020	1.696	1.701	1.657	1.674	1.674	161
03 06, 2020	1.670	1.686	1.647	1.670	1.670	175
03 05, 2020	1.637	1.672	1.637	1.666	1.666	154
03 04, 2020	1.645	1.645	1.631	1.641	1.641	83
03 03, 2020	1.594	1.645	1.594	1.642	1.642	610
03 02, 2020	1.583	1.608	1.574	1.592	1.592	537
02 28, 2020	1.640	1.642	1.564	1.564	1.564	289
02 27, 2020	1.641	1.658	1.638	1.640	1.640	707
02 26, 2020	1.644	1.648	1.636	1.640	1.640	1.990
02 25, 2020	1.645	1.653	1.632	1.646	1.646	409
02 24, 2020	1.657	1.686	1.650	1.672	1.672	435
02 21, 2020	1.619	1.645	1.619	1.644	1.644	186
02 20, 2020	1.606	1.621	1.603	1.616	1.616	117
02 19, 2020	1.600	1.610	1.599	1.607	1.607	542
02 18, 2020	1.579	1.604	1.579	1.600	1.600	310
02 14, 2020	1.575	1.582	1.574	1.582	1.582	68
02 13, 2020	1.570	1.575	1.570	1.575	1.575	74
02 12, 2020	1.565	1.568	1.561	1.567	1.567	36
02 11, 2020	1.570	1.571	1.561	1.565	1.565	440
02 10, 2020	1.569	1.574	1.568	1.574	1.574	128
02 07, 2020	1.564	1.571	1.560	1.568	1.568	431
02 06, 2020	1.553	1.565	1.551	1.565	1.565	110
02 05, 2020	1.553	1.560	1.547	1.557	1.557	1.305
02 04, 2020	1.577	1.577	1.547	1.550	1.550	978
02 03, 2020	1.592	1.593	1.568	1.577	1.577	1.062
01 31, 2020	1.573	1.589	1.570	1.582	1.582	1.095
01 30, 2020	1.576	1.585	1.571	1.583	1.583	62.336
01 29, 2020	1.569	1.569	1.569	1.569	1.569	251.274
01 28, 2020	1.576	1.576	1.569	1.569	1.569	3
01 27, 2020	1.584	1.584	1.576	1.576	1.576	22
01 24, 2020	1.556	1.571	1.556	1.571	1.571	43
01 23, 2020	1.553	1.564	1.552	1.564	1.564	15
01 22, 2020	1.549	1.557	1.549	1.555	1.555	42
01 21, 2020	1.559	1.566	1.551	1.556	1.556	45
01 17, 2020	1.554	1.558	1.553	1.558	1.558	108
01 16, 2020	1.555	1.556	1.548	1.549	1.549	98
01 15, 2020	1.548	1.553	1.545	1.552	1.552	11
01 14, 2020	1.546	1.546	1.534	1.542	1.542	32
01 13, 2020	1.557	1.558	1.548	1.548	1.548	48
01 10, 2020	1.551	1.558	1.545	1.557	1.557	16
01 09, 2020	1.555	1.555	1.543	1.551	1.551	54
01 08, 2020	1.579	1.604	1.552	1.557	1.557	236
01 07, 2020	1.558	1.576	1.558	1.571	1.571	47
01 06, 2020	1.580	1.580	1.560	1.566	1.566	416
01 03, 2020	1.530	1.552	1.530	1.549	1.549	107
01 02, 2020	1.518	1.528	1.518	1.524	1.524	214
12 31, 2019	1.513	1.523	1.513	1.519	1.519	301
12 30, 2019	1.512	1.515	1.510	1.514	1.514	446
12 27, 2019	1.513	1.513	1.513	1.513	1.513	839
12 26, 2019	1.505	1.512	1.505	1.509	1.509	126
12 24, 2019	1.488	1.499	1.488	1.499	1.499	52
12 23, 2019	1.482	1.482	1.479	1.482	1.482	391
12 20, 2019	1.476	1.478	1.474	1.474	1.474	118
12 19, 2019	1.475	1.478	1.473	1.478	1.478	319
12 18, 2019	1.472	1.472	1.472	1.472	1.472	250
12 17, 2019	1.474	1.476	1.474	1.474	1.474	410
12 16, 2019	1.473	1.475	1.473	1.475	1.475	99
12 13, 2019	1.463	1.475	1.463	1.475	1.475	468
12 12, 2019	1.475	1.483	1.463	1.466	1.466	955
12 11, 2019	1.463	1.475	1.463	1.469	1.469	393
12 10, 2019	1.460	1.467	1.460	1.462	1.462	367
12 09, 2019	1.458	1.464	1.458	1.459	1.459	1.461
12 06, 2019	1.475	1.476	1.458	1.459	1.459	899
12 05, 2019	1.474	1.478	1.472	1.476	1.476	907
12 04, 2019	1.477	1.483	1.471	1.474	1.474	613
12 03, 2019	1.461	1.480	1.459	1.478	1.478	1.460
12 02, 2019	1.462	1.464	1.453	1.462	1.462	2.172
11 29, 2019	1.453	1.465	1.452	1.465	1.465	7.020
11 27, 2019	1.461	1.461	1.452	1.453	1.453	88.364
11 26, 2019	1.459	1.459	1.459	1.459	1.459	346.362
11 25, 2019	1.457	1.457	1.455	1.456	1.456	14
11 22, 2019	1.468	1.468	1.463	1.463	1.463	19
11 21, 2019	1.463	1.463	1.463	1.463	1.463	16
11 20, 2019	1.472	1.474	1.467	1.473	1.473	31
11 19, 2019	1.467	1.474	1.467	1.473	1.473	18
11 18, 2019	1.472	1.472	1.469	1.470	1.470	141
11 15, 2019	1.469	1.469	1.467	1.467	1.467	13
11 14, 2019	1.463	1.471	1.463	1.471	1.471	83
11 13, 2019	1.456	1.463	1.456	1.461	1.461	56
11 12, 2019	1.454	1.454	1.447	1.452	1.452	6
11 11, 2019	1.461	1.461	1.449	1.455	1.455	22
11 08, 2019	1.469	1.469	1.461	1.461	1.461	21
11 07, 2019	1.489	1.489	1.464	1.464	1.464	581
11 06, 2019	1.483	1.491	1.483	1.490	1.490	567
11 05, 2019	1.507	1.507	1.480	1.480	1.480	31
11 04, 2019	1.511	1.511	1.508	1.508	1.508	101
10 31, 2019	1.511	1.511	1.503	1.508	1.508	235
10 30, 2019	1.496	1.513	1.496	1.511	1.511	210
10 29, 2019	1.487	1.495	1.481	1.493	1.493	320
10 28, 2019	1.485	1.487	1.485	1.487	1.487	425
10 27, 2019	1.504	1.504	1.490	1.490	1.490	37
10 24, 2019	1.501	1.514	1.499	1.499	1.499	93
10 23, 2019	1.490	1.501	1.485	1.498	1.498	115
10 22, 2019	1.486	1.490	1.486	1.489	1.489	67
10 21, 2019	1.483	1.483	1.481	1.481	1.481	99
10 20, 2019	1.489	1.489	1.481	1.482	1.482	72
10 17, 2019	1.487	1.489	1.486	1.488	1.488	82
10 16, 2019	1.486	1.493	1.485	1.492	1.492	271
10 15, 2019	1.482	1.488	1.480	1.488	1.488	383
10 14, 2019	1.488	1.495	1.476	1.477	1.477	367
10 13, 2019	1.484	1.493	1.481	1.491	1.491	400
10 10, 2019	1.491	1.494	1.476	1.482	1.482	57
10 09, 2019	1.511	1.511	1.490	1.494	1.494	78
10 08, 2019	1.507	1.507	1.498	1.506	1.506	120
10 07, 2019	1.489	1.506	1.489	1.497	1.497	46
10 06, 2019	1.504	1.505	1.489	1.497	1.497	121
10 03, 2019	1.505	1.508	1.497	1.506	1.506	233
10 02, 2019	1.497	1.518	1.496	1.507	1.507	1.213
10 01, 2019	1.476	1.503	1.474	1.501	1.501	205
09 30, 2019	1.468	1.485	1.458	1.482	1.482	219
09 29, 2019	1.495	1.495	1.463	1.465	1.465	1.078
09 26, 2019	1.504	1.506	1.485	1.499	1.499	7.827
09 25, 2019	1.507	1.507	1.507	1.507	1.507	8.178
09 24, 2019	1.527	1.527	1.504	1.504	1.504	25
09 23, 2019	1.515	1.533	1.515	1.532	1.532	25
09 22, 2019	1.515	1.523	1.515	1.523	1.523	5
09 19, 2019	1.503	1.507	1.503	1.507	1.507	2
09 18, 2019	1.496	1.502	1.496	1.498	1.498	10
09 17, 2019	1.508	1.509	1.489	1.507	1.507	8
09 16, 2019	1.497	1.505	1.497	1.505	1.505	3
09 15, 2019	1.506	1.506	1.496	1.503	1.503	21
09 12, 2019	1.490	1.490	1.486	1.490	1.490	1
09 11, 2019	1.499	1.515	1.498	1.498	1.498	27
09 10, 2019	1.491	1.496	1.490	1.494	1.494	8
09 09, 2019	1.498	1.498	1.486	1.490	1.490	23
09 08, 2019	1.509	1.513	1.498	1.502	1.502	69
09 05, 2019	1.517	1.526	1.504	1.506	1.506	54
09 04, 2019	1.551	1.551	1.511	1.515	1.515	125
09 03, 2019	1.549	1.553	1.534	1.550	1.550	46
09 02, 2019	1.522	1.547	1.521	1.545	1.545	139
08 29, 2019	1.524	1.530	1.516	1.519	1.519	276
08 28, 2019	1.537	1.549	1.519	1.526	1.526	704
08 27, 2019	1.538	1.538	1.537	1.537	1.537	2.756
08 26, 2019	1.530	1.542	1.528	1.541	1.541	166
08 25, 2019	1.543	1.543	1.524	1.526	1.526	334
08 22, 2019	1.493	1.527	1.493	1.526	1.526	983
08 21, 2019	1.495	1.497	1.493	1.497	1.497	686
08 20, 2019	1.504	1.505	1.498	1.504	1.504	350
08 19, 2019	1.497	1.506	1.497	1.504	1.504	486
08 18, 2019	1.507	1.507	1.492	1.500	1.500	205
08 15, 2019	1.524	1.524	1.504	1.512	1.512	1.815
08 14, 2019	1.519	1.522	1.510	1.519	1.519	87
08 13, 2019	1.500	1.520	1.497	1.515	1.515	328
08 12, 2019	1.510	1.531	1.483	1.502	1.502	672
08 11, 2019	1.496	1.514	1.488	1.505	1.505	257
08 08, 2019	1.506	1.507	1.495	1.496	1.496	74
08 07, 2019	1.498	1.508	1.492	1.497	1.497	367
08 06, 2019	1.473	1.509	1.473	1.507	1.507	824
08 05, 2019	1.469	1.475	1.457	1.472	1.472	460
08 04, 2019	1.440	1.469	1.440	1.464	1.464	1.008
08 01, 2019	1.448	1.448	1.432	1.445	1.445	1.873
07 31, 2019	1.411	1.445	1.400	1.420	1.420	2.431
07 30, 2019	1.431	1.435	1.411	1.426	1.426	3.294
07 29, 2019	1.426	1.433	1.422	1.429	1.429	73.874
07 28, 2019	1.419	1.419	1.419	1.419	1.419	224.267
07 25, 2019	1.422	1.423	1.418	1.418	1.418	5
07 24, 2019	1.413	1.413	1.413	1.413	1.413	4
07 23, 2019	1.422	1.422	1.422	1.422	1.422	20
07 22, 2019	1.418	1.421	1.416	1.420	1.420	5
07 21, 2019	1.425	1.425	1.424	1.425	1.425	1
07 18, 2019	1.440	1.442	1.425	1.425	1.425	22
07 17, 2019	1.422	1.444	1.419	1.426	1.426	66
07 16, 2019	1.404	1.421	1.404	1.421	1.421	6
07 15, 2019	1.413	1.413	1.405	1.409	1.409	13
07 14, 2019	1.414	1.415	1.411	1.411	1.411	25
07 11, 2019	1.405	1.410	1.405	1.409	1.409	8
07 10, 2019	1.424	1.424	1.404	1.404	1.404	6
07 09, 2019	1.409	1.410	1.409	1.410	1.410	50
07 08, 2019	1.394	1.397	1.386	1.397	1.397	53
07 07, 2019	1.395	1.397	1.393	1.397	1.397	14
07 04, 2019	1.418	1.418	1.390	1.396	1.396	20
07 03, 2019	1.431	1.434	1.413	1.417	1.417	46
07 01, 2019	1.391	1.418	1.390	1.404	1.404	38
06 30, 2019	1.386	1.395	1.382	1.385	1.385	214
06 27, 2019	1.408	1.422	1.408	1.409	1.409	356
06 26, 2019	1.407	1.410	1.399	1.408	1.408	437
06 25, 2019	1.407	1.413	1.405	1.411	1.411	1.333
06 24, 2019	1.418	1.433	1.414	1.414	1.414	105
06 23, 2019	1.406	1.420	1.402	1.414	1.414	125
06 20, 2019	1.406	1.406	1.390	1.396	1.396	35
06 19, 2019	1.381	1.392	1.379	1.392	1.392	76
06 18, 2019	1.344	1.344	1.344	1.344	1.344	129
06 17, 2019	1.349	1.349	1.341	1.346	1.346	29
06 16, 2019	1.339	1.340	1.335	1.338	1.338	76
06 13, 2019	1.345	1.355	1.339	1.340	1.340	914
06 12, 2019	1.331	1.341	1.331	1.339	1.339	157
06 11, 2019	1.326	1.334	1.326	1.331	1.331	139
06 10, 2019	1.328	1.328	1.319	1.326	1.326	201
06 09, 2019	1.335	1.336	1.324	1.324	1.324	268
06 06, 2019	1.333	1.347	1.329	1.341	1.341	240
06 05, 2019	1.330	1.338	1.326	1.337	1.337	161
06 04, 2019	1.328	1.343	1.326	1.328	1.328	622
06 03, 2019	1.324	1.328	1.320	1.323	1.323	302
06 02, 2019	1.307	1.327	1.307	1.322	1.322	812
05 30, 2019	1.287	1.306	1.287	1.305	1.305	2.814
05 29, 2019	1.279	1.288	1.273	1.287	1.287	55.573
05 28, 2019	1.280	1.280	1.280	1.280	1.280	189.694
05 27, 2019	1.276	1.276	1.276	1.276	1.276	-
05 23, 2019	1.283	1.283	1.283	1.283	1.283	9
05 22, 2019	1.284	1.284	1.284	1.284	1.284	-
05 21, 2019	1.273	1.273	1.273	1.273	1.273	-
05 20, 2019	1.272	1.272	1.272	1.272	1.272	-
05 19, 2019	1.276	1.276	1.276	1.276	1.276	20
05 16, 2019	1.280	1.280	1.274	1.274	1.274	1
05 15, 2019	1.285	1.285	1.285	1.285	1.285	3
05 14, 2019	1.296	1.296	1.296	1.296	1.296	55
05 13, 2019	1.297	1.297	1.294	1.294	1.294	6
05 12, 2019	1.286	1.300	1.281	1.300	1.300	56
05 09, 2019	1.285	1.286	1.283	1.285	1.285	6
05 08, 2019	1.278	1.285	1.278	1.283	1.283	38
05 07, 2019	1.279	1.279	1.279	1.279	1.279	5
05 06, 2019	1.280	1.283	1.280	1.283	1.283	8
05 05, 2019	1.282	1.282	1.280	1.281	1.281	12
05 02, 2019	1.270	1.279	1.270	1.279	1.279	15
05 01, 2019	1.269	1.270	1.266	1.269	1.269	63
04 30, 2019	1.278	1.283	1.278	1.281	1.281	70
04 29, 2019	1.281	1.283	1.280	1.282	1.282	114
04 28, 2019	1.284	1.284	1.277	1.278	1.278	568
04 25, 2019	1.284	1.284	1.284	1.284	1.284	804
04 24, 2019	1.280	1.280	1.275	1.275	1.275	95
04 23, 2019	1.268	1.275	1.267	1.275	1.275	518
04 22, 2019	1.266	1.269	1.266	1.269	1.269	206
04 21, 2019	1.273	1.273	1.273	1.273	1.273	147
04 17, 2019	1.270	1.273	1.270	1.271	1.271	27
04 16, 2019	1.273	1.273	1.271	1.272	1.272	308
04 15, 2019	1.285	1.285	1.272	1.272	1.272	643
04 14, 2019	1.284	1.287	1.282	1.286	1.286	523
04 11, 2019	1.293	1.293	1.289	1.290	1.290	607
04 10, 2019	1.307	1.307	1.288	1.288	1.288	420
04 09, 2019	1.304	1.309	1.301	1.309	1.309	66
04 08, 2019	1.298	1.304	1.298	1.303	1.303	30
04 07, 2019	1.292	1.302	1.291	1.297	1.297	63
04 04, 2019	1.292	1.292	1.283	1.290	1.290	181
04 03, 2019	1.290	1.292	1.279	1.289	1.289	269
04 02, 2019	1.291	1.293	1.287	1.289	1.289	172
04 01, 2019	1.286	1.290	1.284	1.290	1.290	525
03 31, 2019	1.291	1.295	1.285	1.288	1.288	675
03 28, 2019	1.289	1.298	1.286	1.293	1.293	1.265
03 27, 2019	1.308	1.311	1.287	1.289	1.289	87.798
03 26, 2019	1.309	1.309	1.309	1.309	1.309	206.263
03 25, 2019	1.315	1.315	1.314	1.314	1.314	1
03 24, 2019	1.320	1.322	1.320	1.321	1.321	19
03 21, 2019	1.311	1.311	1.311	1.311	1.311	-
03 20, 2019	1.306	1.306	1.306	1.306	1.306	-
03 19, 2019	1.300	1.300	1.300	1.300	1.300	2
03 18, 2019	1.306	1.306	1.304	1.305	1.305	20
03 17, 2019	1.297	1.302	1.297	1.300	1.300	8
03 14, 2019	1.300	1.304	1.300	1.301	1.301	26
03 13, 2019	1.293	1.293	1.293	1.293	1.293	1
03 12, 2019	1.307	1.307	1.307	1.307	1.307	-
03 11, 2019	1.294	1.296	1.294	1.296	1.296	1
03 10, 2019	1.291	1.291	1.288	1.288	1.288	9
03 08, 2019	1.292	1.297	1.291	1.297	1.297	10
03 07, 2019	1.281	1.284	1.281	1.283	1.283	11
03 06, 2019	1.287	1.287	1.282	1.284	1.284	14
03 05, 2019	1.287	1.287	1.282	1.282	1.282	114
03 04, 2019	1.285	1.287	1.281	1.284	1.284	28
03 01, 2019	1.312	1.312	1.288	1.296	1.296	110
02 28, 2019	1.321	1.323	1.311	1.312	1.312	141
02 27, 2019	1.327	1.327	1.316	1.317	1.317	604
02 26, 2019	1.323	1.325	1.323	1.325	1.325	939
02 25, 2019	1.329	1.331	1.325	1.325	1.325	185
02 22, 2019	1.324	1.331	1.321	1.329	1.329	718
02 21, 2019	1.331	1.334	1.320	1.323	1.323	414
02 20, 2019	1.342	1.344	1.338	1.343	1.343	581
02 19, 2019	1.320	1.340	1.320	1.340	1.340	390
02 15, 2019	1.313	1.318	1.313	1.318	1.318	190
02 14, 2019	1.305	1.311	1.301	1.309	1.309	858
02 13, 2019	1.311	1.316	1.308	1.310	1.310	143
02 12, 2019	1.310	1.312	1.307	1.309	1.309	109
02 11, 2019	1.313	1.313	1.304	1.307	1.307	119
02 08, 2019	1.309	1.314	1.307	1.313	1.313	122
02 07, 2019	1.302	1.310	1.302	1.309	1.309	203
02 06, 2019	1.312	1.313	1.305	1.309	1.309	358
02 05, 2019	1.311	1.315	1.311	1.314	1.314	362
02 04, 2019	1.318	1.318	1.308	1.314	1.314	675
02 01, 2019	1.320	1.320	1.315	1.316	1.316	878
01 31, 2019	1.320	1.325	1.316	1.319	1.319	1.970
01 30, 2019	1.310	1.323	1.308	1.309	1.309	54.958
01 29, 2019	1.308	1.308	1.308	1.308	1.308	213.607
01 28, 2019	1.300	1.307	1.298	1.302	1.302	54
01 25, 2019	1.297	1.297	1.297	1.297	1.297	-
01 24, 2019	1.279	1.279	1.278	1.279	1.279	1
01 23, 2019	1.281	1.283	1.278	1.283	1.283	14
01 22, 2019	1.282	1.283	1.282	1.282	1.282	7
01 18, 2019	1.281	1.281	1.281	1.281	1.281	3
01 17, 2019	1.291	1.292	1.288	1.291	1.291	10
01 16, 2019	1.291	1.291	1.291	1.291	1.291	2
01 15, 2019	1.290	1.292	1.286	1.286	1.286	3
01 14, 2019	1.292	1.293	1.289	1.289	1.289	7
01 11, 2019	1.291	1.291	1.286	1.287	1.287	11
01 10, 2019	1.284	1.284	1.284	1.284	1.284	-
01 09, 2019	1.279	1.289	1.279	1.289	1.289	102
01 08, 2019	1.280	1.283	1.278	1.283	1.283	54
01 07, 2019	1.286	1.286	1.286	1.286	1.286	2
01 04, 2019	1.294	1.294	1.275	1.282	1.282	34
01 03, 2019	1.286	1.292	1.286	1.291	1.291	10
01 02, 2019	1.286	1.286	1.277	1.281	1.281	149
12 31, 2018	1.278	1.281	1.277	1.278	1.278	19
12 28, 2018	1.273	1.280	1.273	1.279	1.279	805
12 27, 2018	1.276	1.277	1.276	1.277	1.277	480
12 26, 2018	1.269	1.277	1.269	1.269	1.269	63
12 24, 2018	1.260	1.268	1.260	1.267	1.267	27
12 21, 2018	1.260	1.261	1.253	1.253	1.253	96
12 20, 2018	1.243	1.263	1.243	1.263	1.263	49
12 19, 2018	1.255	1.255	1.252	1.252	1.252	268
12 18, 2018	1.248	1.249	1.245	1.249	1.249	31
12 17, 2018	1.239	1.247	1.239	1.247	1.247	10
12 14, 2018	1.241	1.241	1.234	1.237	1.237	33
12 13, 2018	1.243	1.243	1.241	1.242	1.242	194
12 12, 2018	1.245	1.245	1.244	1.244	1.244	84
12 11, 2018	1.245	1.248	1.241	1.241	1.241	117
12 10, 2018	1.249	1.249	1.241	1.243	1.243	131
12 07, 2018	1.238	1.249	1.237	1.246	1.246	211
12 06, 2018	1.237	1.244	1.234	1.238	1.238	434
12 04, 2018	1.231	1.241	1.230	1.241	1.241	474
12 03, 2018	1.222	1.234	1.221	1.233	1.233	751
11 30, 2018	1.224	1.225	1.216	1.220	1.220	2.060
11 29, 2018	1.221	1.228	1.220	1.224	1.224	55.478
11 28, 2018	1.211	1.221	1.211	1.221	1.221	247.168
11 27, 2018	1.221	1.222	1.211	1.211	1.211	5
11 26, 2018	1.220	1.222	1.220	1.220	1.220	2
11 23, 2018	1.224	1.224	1.221	1.221	1.221	1
11 21, 2018	1.225	1.225	1.225	1.225	1.225	-
11 20, 2018	1.225	1.228	1.219	1.219	1.219	12
11 19, 2018	1.223	1.223	1.223	1.223	1.223	-
11 16, 2018	1.216	1.223	1.216	1.220	1.220	5
11 15, 2018	1.212	1.212	1.212	1.212	1.212	-
11 14, 2018	1.207	1.207	1.207	1.207	1.207	-
11 13, 2018	1.196	1.201	1.196	1.199	1.199	5
11 12, 2018	1.201	1.201	1.201	1.201	1.201	1
11 09, 2018	1.207	1.207	1.206	1.206	1.206	14
11 08, 2018	1.222	1.222	1.222	1.222	1.222	2
11 07, 2018	1.228	1.228	1.226	1.226	1.226	1
11 06, 2018	1.230	1.233	1.223	1.223	1.223	4
11 05, 2018	1.230	1.231	1.226	1.229	1.229	15
11 01, 2018	1.233	1.233	1.230	1.230	1.230	18
10 31, 2018	1.215	1.236	1.215	1.236	1.236	14
10 30, 2018	1.216	1.216	1.212	1.212	1.212	121
10 29, 2018	1.227	1.227	1.219	1.222	1.222	72
10 28, 2018	1.224	1.224	1.224	1.224	1.224	214
10 25, 2018	1.234	1.234	1.232	1.232	1.232	20
10 24, 2018	1.238	1.238	1.229	1.229	1.229	7
10 23, 2018	1.231	1.231	1.227	1.227	1.227	36
10 22, 2018	1.224	1.237	1.224	1.233	1.233	33
10 21, 2018	1.224	1.224	1.219	1.221	1.221	18
10 18, 2018	1.225	1.225	1.225	1.225	1.225	55
10 17, 2018	1.226	1.226	1.226	1.226	1.226	165
10 16, 2018	1.225	1.225	1.223	1.223	1.223	1
10 15, 2018	1.227	1.230	1.227	1.227	1.227	426
10 14, 2018	1.222	1.232	1.222	1.226	1.226	136
10 11, 2018	1.221	1.221	1.216	1.218	1.218	122
10 10, 2018	1.198	1.224	1.196	1.223	1.223	126
10 09, 2018	1.189	1.192	1.189	1.189	1.189	1.078
10 08, 2018	1.185	1.189	1.185	1.187	1.187	9
10 07, 2018	1.201	1.201	1.183	1.184	1.184	250
10 04, 2018	1.197	1.205	1.196	1.201	1.201	34
10 03, 2018	1.199	1.204	1.197	1.197	1.197	496
10 02, 2018	1.202	1.202	1.196	1.198	1.198	76
10 01, 2018	1.193	1.206	1.190	1.202	1.202	451
09 30, 2018	1.191	1.191	1.185	1.187	1.187	180
09 27, 2018	1.181	1.191	1.180	1.191	1.191	404
09 26, 2018	1.194	1.197	1.180	1.182	1.182	4.947
09 25, 2018	1.194	1.194	1.194	1.194	1.194	17.857
09 24, 2018	1.202	1.202	1.200	1.200	1.200	21
09 23, 2018	1.199	1.199	1.199	1.199	1.199	-
09 20, 2018	1.196	1.196	1.196	1.196	1.196	-
09 19, 2018	1.206	1.206	1.206	1.206	1.206	-
09 18, 2018	1.202	1.202	1.202	1.202	1.202	-
09 17, 2018	1.198	1.198	1.196	1.196	1.196	2
09 16, 2018	1.199	1.199	1.199	1.199	1.199	-
09 13, 2018	1.195	1.195	1.195	1.195	1.195	1
09 12, 2018	1.203	1.203	1.200	1.202	1.202	22
09 11, 2018	1.205	1.205	1.204	1.204	1.204	37
09 10, 2018	1.190	1.196	1.190	1.195	1.195	21
09 09, 2018	1.193	1.193	1.193	1.193	1.193	11
09 06, 2018	1.198	1.198	1.193	1.193	1.193	29
09 05, 2018	1.202	1.202	1.197	1.197	1.197	7
09 04, 2018	1.192	1.196	1.192	1.194	1.194	21
09 03, 2018	1.193	1.193	1.189	1.192	1.192	26
08 30, 2018	1.207	1.208	1.199	1.200	1.200	191
08 29, 2018	1.205	1.205	1.196	1.197	1.197	493
08 28, 2018	1.205	1.205	1.202	1.204	1.204	817
08 27, 2018	1.209	1.217	1.202	1.207	1.207	136
08 26, 2018	1.210	1.211	1.205	1.209	1.209	154
08 23, 2018	1.185	1.208	1.185	1.206	1.206	12
08 22, 2018	1.189	1.190	1.184	1.187	1.187	95
08 21, 2018	1.194	1.196	1.194	1.196	1.196	17
08 20, 2018	1.189	1.192	1.189	1.192	1.192	22
08 19, 2018	1.184	1.190	1.184	1.186	1.186	68
08 16, 2018	1.174	1.181	1.174	1.176	1.176	66
08 15, 2018	1.173	1.180	1.161	1.176	1.176	123
08 14, 2018	1.187	1.188	1.174	1.177	1.177	71
08 13, 2018	1.193	1.197	1.192	1.193	1.193	92
08 12, 2018	1.207	1.207	1.191	1.191	1.191	78
08 09, 2018	1.212	1.216	1.205	1.211	1.211	75
08 08, 2018	1.214	1.215	1.211	1.211	1.211	44
08 07, 2018	1.212	1.215	1.205	1.212	1.212	209
08 06, 2018	1.207	1.214	1.207	1.209	1.209	715
08 05, 2018	1.214	1.214	1.206	1.208	1.208	297
08 02, 2018	1.206	1.218	1.205	1.214	1.214	784
08 01, 2018	1.214	1.219	1.205	1.210	1.210	411
07 31, 2018	1.222	1.223	1.214	1.217	1.217	1.026
07 30, 2018	1.220	1.228	1.213	1.223	1.223	2.722
07 29, 2018	1.222	1.223	1.218	1.221	1.221	62.239
07 26, 2018	1.222	1.222	1.222	1.222	1.222	254.428
07 25, 2018	1.227	1.227	1.225	1.225	1.225	1
07 24, 2018	1.231	1.231	1.231	1.231	1.231	-
07 23, 2018	1.223	1.223	1.223	1.223	1.223	-
07 22, 2018	1.222	1.224	1.222	1.224	1.224	1
07 19, 2018	1.229	1.229	1.229	1.229	1.229	-
07 18, 2018	1.227	1.228	1.211	1.222	1.222	33
07 17, 2018	1.226	1.226	1.222	1.226	1.226	67
07 16, 2018	1.225	1.225	1.225	1.225	1.225	-
07 15, 2018	1.242	1.243	1.238	1.238	1.238	2
07 12, 2018	1.244	1.247	1.239	1.239	1.239	2
07 11, 2018	1.240	1.246	1.240	1.245	1.245	7
07 10, 2018	1.253	1.253	1.242	1.242	1.242	30
07 09, 2018	1.256	1.256	1.249	1.253	1.253	65
07 08, 2018	1.258	1.262	1.257	1.258	1.258	37
07 05, 2018	1.255	1.255	1.254	1.254	1.254	7
07 04, 2018	1.255	1.257	1.253	1.257	1.257	9
07 03, 2018	1.238	1.254	1.237	1.251	1.251	36
07 01, 2018	1.249	1.249	1.239	1.239	1.239	29
06 28, 2018	1.250	1.253	1.249	1.251	1.251	48
06 27, 2018	1.251	1.251	1.244	1.247	1.247	378
06 26, 2018	1.255	1.255	1.252	1.252	1.252	1.162
06 25, 2018	1.267	1.267	1.256	1.256	1.256	89
06 24, 2018	1.270	1.271	1.265	1.265	1.265	37
06 21, 2018	1.268	1.270	1.267	1.267	1.267	74
06 20, 2018	1.262	1.268	1.260	1.267	1.267	46
06 19, 2018	1.274	1.274	1.271	1.271	1.271	7
06 18, 2018	1.278	1.281	1.269	1.275	1.275	34
06 17, 2018	1.280	1.280	1.276	1.276	1.276	35
06 14, 2018	1.297	1.307	1.274	1.274	1.274	589
06 13, 2018	1.297	1.307	1.297	1.304	1.304	42
06 12, 2018	1.294	1.299	1.290	1.296	1.296	135
06 11, 2018	1.297	1.298	1.292	1.295	1.295	153
06 10, 2018	1.299	1.302	1.295	1.298	1.298	71
06 07, 2018	1.295	1.299	1.294	1.298	1.298	650
06 06, 2018	1.298	1.302	1.296	1.298	1.298	79
06 05, 2018	1.296	1.300	1.294	1.297	1.297	373
06 04, 2018	1.292	1.299	1.289	1.297	1.297	357
06 03, 2018	1.293	1.297	1.290	1.293	1.293	144
05 31, 2018	1.298	1.299	1.288	1.294	1.294	663
05 30, 2018	1.301	1.306	1.296	1.300	1.300	4.082
05 29, 2018	1.298	1.303	1.295	1.301	1.301	50.845
05 28, 2018	1.298	1.298	1.298	1.298	1.298	386.334
05 24, 2018	1.303	1.303	1.303	1.303	1.303	1
05 23, 2018	1.303	1.303	1.303	1.303	1.303	-
05 22, 2018	1.289	1.289	1.289	1.289	1.289	10
05 21, 2018	1.291	1.291	1.291	1.291	1.291	50
05 20, 2018	1.287	1.292	1.287	1.290	1.290	52
05 17, 2018	1.285	1.290	1.285	1.290	1.290	2
05 16, 2018	1.291	1.291	1.288	1.288	1.288	2
05 15, 2018	1.290	1.294	1.285	1.290	1.290	26
05 14, 2018	1.304	1.304	1.288	1.288	1.288	8
05 13, 2018	1.319	1.319	1.316	1.316	1.316	4
05 10, 2018	1.319	1.319	1.319	1.319	1.319	3
05 09, 2018	1.312	1.320	1.312	1.320	1.320	8
05 08, 2018	1.311	1.311	1.311	1.311	1.311	70
05 07, 2018	1.310	1.312	1.308	1.312	1.312	337
05 06, 2018	1.310	1.312	1.310	1.312	1.312	4
05 03, 2018	1.312	1.312	1.312	1.312	1.312	-
05 02, 2018	1.310	1.310	1.310	1.310	1.310	4
05 01, 2018	1.309	1.309	1.302	1.302	1.302	23
04 30, 2018	1.313	1.313	1.303	1.303	1.303	28
04 29, 2018	1.309	1.316	1.309	1.316	1.316	49
04 26, 2018	1.315	1.321	1.312	1.320	1.320	622
04 25, 2018	1.315	1.316	1.315	1.316	1.316	569
04 24, 2018	1.324	1.325	1.320	1.321	1.321	278
04 23, 2018	1.326	1.331	1.326	1.331	1.331	28
04 22, 2018	1.334	1.334	1.322	1.322	1.322	68
04 19, 2018	1.342	1.343	1.335	1.336	1.336	310
04 18, 2018	1.348	1.355	1.341	1.346	1.346	387
04 17, 2018	1.343	1.354	1.343	1.351	1.351	45
04 16, 2018	1.348	1.348	1.339	1.347	1.347	409
04 15, 2018	1.341	1.348	1.341	1.347	1.347	60
04 12, 2018	1.335	1.346	1.335	1.344	1.344	67
04 11, 2018	1.351	1.351	1.334	1.338	1.338	34
04 10, 2018	1.340	1.365	1.340	1.356	1.356	118
04 09, 2018	1.335	1.342	1.333	1.342	1.342	105
04 08, 2018	1.333	1.337	1.327	1.336	1.336	290
04 05, 2018	1.326	1.333	1.319	1.331	1.331	348
04 04, 2018	1.333	1.333	1.322	1.324	1.324	258
04 03, 2018	1.331	1.347	1.331	1.335	1.335	718
04 02, 2018	1.340	1.341	1.328	1.332	1.332	702
04 01, 2018	1.327	1.344	1.324	1.342	1.342	649
03 28, 2018	1.324	1.327	1.321	1.322	1.322	5.585
03 27, 2018	1.345	1.346	1.322	1.324	1.324	59.284
03 26, 2018	1.341	1.341	1.341	1.341	1.341	290.889
03 25, 2018	1.348	1.354	1.345	1.354	1.354	10
03 22, 2018	1.343	1.349	1.343	1.349	1.349	8
03 21, 2018	1.326	1.326	1.326	1.326	1.326	-
03 20, 2018	1.312	1.328	1.312	1.320	1.320	34
03 19, 2018	1.311	1.311	1.311	1.311	1.311	4
03 18, 2018	1.309	1.316	1.307	1.316	1.316	6
03 15, 2018	1.310	1.311	1.310	1.311	1.311	34
03 14, 2018	1.316	1.316	1.316	1.316	1.316	-
03 13, 2018	1.322	1.324	1.322	1.324	1.324	19
03 12, 2018	1.325	1.325	1.325	1.325	1.325	13
03 11, 2018	1.319	1.319	1.319	1.319	1.319	-
03 09, 2018	1.316	1.322	1.313	1.322	1.322	88
03 08, 2018	1.324	1.326	1.319	1.319	1.319	62
03 07, 2018	1.338	1.338	1.326	1.326	1.326	27
03 06, 2018	1.321	1.333	1.321	1.333	1.333	18
03 05, 2018	1.323	1.325	1.318	1.318	1.318	18
03 02, 2018	1.314	1.323	1.314	1.321	1.321	155
03 01, 2018	1.310	1.318	1.301	1.302	1.302	43
02 28, 2018	1.315	1.321	1.315	1.315	1.315	58
02 27, 2018	1.331	1.332	1.312	1.315	1.315	710
02 26, 2018	1.335	1.340	1.330	1.330	1.330	652
02 23, 2018	1.328	1.332	1.327	1.328	1.328	427
02 22, 2018	1.322	1.331	1.322	1.330	1.330	70
02 21, 2018	1.326	1.331	1.324	1.330	1.330	119
02 20, 2018	1.348	1.350	1.328	1.328	1.328	283
02 16, 2018	1.354	1.361	1.344	1.353	1.353	110
02 15, 2018	1.352	1.355	1.349	1.352	1.352	111
02 14, 2018	1.332	1.355	1.324	1.355	1.355	400
02 13, 2018	1.324	1.329	1.323	1.328	1.328	71
02 12, 2018	1.323	1.325	1.318	1.324	1.324	140
02 09, 2018	1.320	1.322	1.311	1.313	1.313	451
02 08, 2018	1.317	1.321	1.307	1.316	1.316	459
02 07, 2018	1.325	1.331	1.310	1.311	1.311	491
02 06, 2018	1.338	1.343	1.319	1.326	1.326	529
02 05, 2018	1.331	1.340	1.329	1.333	1.333	641
02 02, 2018	1.348	1.352	1.327	1.333	1.333	2.841
02 01, 2018	1.343	1.350	1.336	1.344	1.344	1.680
01 31, 2018	1.337	1.346	1.331	1.339	1.339	4.881
01 30, 2018	1.338	1.347	1.332	1.335	1.335	52.100
01 26, 2018	1.351	1.352	1.350	1.351	1.351	280.546
01 25, 2018	1.356	1.362	1.346	1.362	1.362	4
01 24, 2018	1.355	1.357	1.355	1.355	1.355	18
01 23, 2018	1.335	1.335	1.335	1.335	1.335	47
01 22, 2018	1.328	1.330	1.328	1.330	1.330	162
01 19, 2018	1.330	1.333	1.330	1.331	1.331	50
01 18, 2018	1.328	1.328	1.326	1.326	1.326	211
01 17, 2018	1.334	1.338	1.326	1.338	1.338	27
01 16, 2018	1.331	1.335	1.331	1.335	1.335	13
01 12, 2018	1.327	1.338	1.327	1.333	1.333	14
01 11, 2018	1.317	1.320	1.316	1.320	1.320	9
01 10, 2018	1.320	1.320	1.315	1.317	1.317	70
01 09, 2018	1.309	1.311	1.309	1.311	1.311	16
01 08, 2018	1.319	1.319	1.314	1.318	1.318	41
01 05, 2018	1.320	1.320	1.320	1.320	1.320	1
01 04, 2018	1.319	1.322	1.319	1.319	1.319	2
01 03, 2018	1.320	1.320	1.312	1.316	1.316	42
01 02, 2018	1.302	1.317	1.302	1.313	1.313	68
12 29, 2017	1.294	1.306	1.294	1.306	1.306	65
12 28, 2017	1.288	1.294	1.288	1.294	1.294	245
12 27, 2017	1.284	1.287	1.284	1.287	1.287	456
12 26, 2017	1.282	1.284	1.281	1.284	1.284	84
12 22, 2017	1.266	1.276	1.266	1.275	1.275	119
12 21, 2017	1.266	1.267	1.264	1.267	1.267	226
12 20, 2017	1.261	1.266	1.261	1.266	1.266	63
12 19, 2017	1.261	1.264	1.259	1.260	1.260	329
12 18, 2017	1.256	1.262	1.255	1.262	1.262	45
12 15, 2017	1.253	1.260	1.253	1.254	1.254	578
12 14, 2017	1.252	1.257	1.250	1.253	1.253	139
12 13, 2017	1.241	1.254	1.239	1.245	1.245	349
12 12, 2017	1.241	1.244	1.236	1.238	1.238	692
12 11, 2017	1.248	1.249	1.239	1.243	1.243	146
12 08, 2017	1.246	1.249	1.241	1.245	1.245	157
12 07, 2017	1.262	1.262	1.243	1.249	1.249	358
12 06, 2017	1.264	1.267	1.261	1.262	1.262	373
12 05, 2017	1.275	1.275	1.260	1.261	1.261	1.499
12 04, 2017	1.272	1.276	1.270	1.274	1.274	850
12 01, 2017	1.274	1.288	1.271	1.278	1.278	823
11 30, 2017	1.283	1.284	1.269	1.273	1.273	3.049
11 29, 2017	1.293	1.296	1.281	1.282	1.282	47.244
11 28, 2017	1.294	1.294	1.294	1.294	1.294	275.442
11 27, 2017	1.293	1.293	1.293	1.293	1.293	1
11 24, 2017	1.286	1.286	1.286	1.286	1.286	-
11 22, 2017	1.284	1.291	1.282	1.291	1.291	4
11 21, 2017	1.281	1.281	1.281	1.281	1.281	4
11 20, 2017	1.274	1.275	1.274	1.274	1.274	1
11 17, 2017	1.288	1.295	1.288	1.295	1.295	1
11 16, 2017	1.277	1.277	1.277	1.277	1.277	43
11 15, 2017	1.281	1.284	1.275	1.276	1.276	13
11 14, 2017	1.276	1.281	1.276	1.281	1.281	4
11 13, 2017	1.277	1.277	1.277	1.277	1.277	3
11 10, 2017	1.283	1.283	1.272	1.272	1.272	10
11 09, 2017	1.279	1.286	1.279	1.285	1.285	18
11 08, 2017	1.275	1.284	1.274	1.281	1.281	15
11 07, 2017	1.276	1.276	1.270	1.273	1.273	11
11 06, 2017	1.269	1.280	1.269	1.279	1.279	128
11 02, 2017	1.265	1.267	1.265	1.266	1.266	75
11 01, 2017	1.274	1.274	1.274	1.274	1.274	70
10 31, 2017	1.272	1.274	1.270	1.274	1.274	78
10 30, 2017	1.273	1.274	1.266	1.267	1.267	235
10 29, 2017	1.270	1.274	1.267	1.274	1.274	222
10 26, 2017	1.268	1.268	1.267	1.268	1.268	567
10 25, 2017	1.273	1.273	1.264	1.266	1.266	39
10 24, 2017	1.269	1.275	1.269	1.275	1.275	105
10 23, 2017	1.275	1.275	1.273	1.275	1.275	111
10 22, 2017	1.274	1.280	1.271	1.277	1.277	115
10 19, 2017	1.279	1.279	1.277	1.277	1.277	304
10 18, 2017	1.286	1.286	1.285	1.286	1.286	134
10 17, 2017	1.279	1.279	1.279	1.279	1.279	163
10 16, 2017	1.295	1.295	1.283	1.283	1.283	571
10 15, 2017	1.302	1.303	1.291	1.299	1.299	173
10 12, 2017	1.293	1.301	1.291	1.301	1.301	74
10 11, 2017	1.291	1.294	1.289	1.293	1.293	14
10 10, 2017	1.287	1.292	1.284	1.285	1.285	21
10 09, 2017	1.282	1.293	1.281	1.290	1.290	18
10 08, 2017	1.280	1.284	1.279	1.281	1.281	19
10 05, 2017	1.267	1.272	1.260	1.271	1.271	46
10 04, 2017	1.277	1.277	1.267	1.269	1.269	36
10 03, 2017	1.273	1.280	1.270	1.273	1.273	218
10 02, 2017	1.269	1.273	1.268	1.271	1.271	192
10 01, 2017	1.275	1.276	1.270	1.272	1.272	136
09 28, 2017	1.284	1.289	1.281	1.281	1.281	492
09 27, 2017	1.283	1.288	1.277	1.285	1.285	5.226
09 26, 2017	1.283	1.283	1.283	1.283	1.283	19.488
09 25, 2017	1.304	1.305	1.297	1.297	1.297	39
09 24, 2017	1.293	1.309	1.291	1.306	1.306	51
09 21, 2017	1.295	1.295	1.293	1.293	1.293	209
09 20, 2017	1.299	1.304	1.290	1.290	1.290	336
09 19, 2017	1.312	1.312	1.298	1.312	1.312	12
09 18, 2017	1.307	1.310	1.305	1.306	1.306	20
09 17, 2017	1.309	1.310	1.306	1.306	1.306	129
09 14, 2017	1.320	1.321	1.319	1.320	1.320	15
09 13, 2017	1.319	1.329	1.319	1.324	1.324	316
09 12, 2017	1.323	1.323	1.323	1.323	1.323	16
09 11, 2017	1.327	1.328	1.325	1.328	1.328	15
09 10, 2017	1.331	1.331	1.327	1.331	1.331	9
09 07, 2017	1.351	1.355	1.345	1.346	1.346	37
09 06, 2017	1.336	1.349	1.336	1.345	1.345	26
09 05, 2017	1.340	1.340	1.332	1.333	1.333	20
09 04, 2017	1.335	1.339	1.328	1.339	1.339	39
08 31, 2017	1.320	1.327	1.316	1.324	1.324	313
08 30, 2017	1.306	1.322	1.301	1.316	1.316	373
08 29, 2017	1.308	1.312	1.304	1.308	1.308	1.178
08 28, 2017	1.318	1.323	1.313	1.313	1.313	1.178
08 27, 2017	1.293	1.311	1.293	1.309	1.309	145
08 24, 2017	1.285	1.292	1.280	1.292	1.292	280
08 23, 2017	1.288	1.288	1.284	1.286	1.286	550
08 22, 2017	1.289	1.289	1.286	1.288	1.288	250
08 21, 2017	1.287	1.288	1.283	1.285	1.285	100
08 20, 2017	1.285	1.290	1.284	1.290	1.290	18
08 17, 2017	1.288	1.300	1.284	1.285	1.285	358
08 16, 2017	1.283	1.288	1.283	1.286	1.286	43
08 15, 2017	1.271	1.282	1.269	1.276	1.276	110
08 14, 2017	1.280	1.280	1.267	1.273	1.273	188
08 13, 2017	1.288	1.288	1.278	1.284	1.284	338
08 10, 2017	1.286	1.291	1.282	1.287	1.287	139
08 09, 2017	1.276	1.287	1.274	1.283	1.283	608
08 08, 2017	1.260	1.277	1.260	1.273	1.273	574
08 07, 2017	1.256	1.264	1.251	1.256	1.256	555
08 06, 2017	1.258	1.259	1.255	1.258	1.258	260
08 03, 2017	1.269	1.269	1.253	1.258	1.258	521
08 02, 2017	1.265	1.269	1.256	1.267	1.267	878
08 01, 2017	1.268	1.272	1.262	1.271	1.271	393
07 31, 2017	1.268	1.273	1.262	1.272	1.272	1.061
07 30, 2017	1.268	1.270	1.265	1.266	1.266	7.780
07 27, 2017	1.258	1.270	1.256	1.268	1.268	64.180
07 26, 2017	1.259	1.259	1.259	1.259	1.259	220.309
07 25, 2017	1.244	1.249	1.244	1.249	1.249	7
07 24, 2017	1.252	1.253	1.249	1.251	1.251	18
07 23, 2017	1.256	1.256	1.253	1.253	1.253	8
07 20, 2017	1.250	1.254	1.250	1.254	1.254	16
07 19, 2017	1.236	1.244	1.236	1.244	1.244	5
07 18, 2017	1.240	1.241	1.240	1.241	1.241	3
07 17, 2017	1.236	1.241	1.236	1.241	1.241	29
07 16, 2017	1.229	1.233	1.229	1.232	1.232	7
07 13, 2017	1.214	1.227	1.214	1.226	1.226	23
07 12, 2017	1.221	1.221	1.216	1.216	1.216	7
07 11, 2017	1.218	1.219	1.217	1.218	1.218	7
07 10, 2017	1.208	1.214	1.208	1.213	1.213	12
07 09, 2017	1.211	1.212	1.209	1.212	1.212	28
07 06, 2017	1.219	1.220	1.208	1.208	1.208	116
07 05, 2017	1.225	1.225	1.222	1.222	1.222	5
07 04, 2017	1.222	1.225	1.217	1.220	1.220	40
07 03, 2017	1.236	1.236	1.217	1.217	1.217	33
06 29, 2017	1.243	1.243	1.239	1.240	1.240	43
06 28, 2017	1.248	1.250	1.238	1.244	1.244	540
06 27, 2017	1.248	1.248	1.248	1.248	1.248	370
06 26, 2017	1.251	1.251	1.245	1.246	1.246	111
06 25, 2017	1.260	1.260	1.241	1.246	1.246	194
06 22, 2017	1.250	1.273	1.249	1.256	1.256	269
06 21, 2017	1.251	1.252	1.246	1.247	1.247	156
06 20, 2017	1.244	1.245	1.240	1.243	1.243	205
06 19, 2017	1.242	1.245	1.240	1.241	1.241	75
06 18, 2017	1.252	1.252	1.241	1.244	1.244	108
06 15, 2017	1.252	1.255	1.251	1.254	1.254	34
06 14, 2017	1.263	1.264	1.250	1.252	1.252	743
06 13, 2017	1.269	1.278	1.256	1.272	1.272	336
06 12, 2017	1.264	1.266	1.259	1.265	1.265	150
06 11, 2017	1.266	1.269	1.263	1.266	1.266	255
06 08, 2017	1.277	1.277	1.264	1.268	1.268	467
06 07, 2017	1.285	1.287	1.268	1.276	1.276	319
06 06, 2017	1.291	1.293	1.284	1.290	1.290	641
06 05, 2017	1.279	1.295	1.279	1.294	1.294	942
06 04, 2017	1.279	1.282	1.277	1.279	1.279	433
06 01, 2017	1.265	1.279	1.259	1.276	1.276	1.732
05 31, 2017	1.268	1.269	1.260	1.267	1.267	825
05 30, 2017	1.262	1.273	1.258	1.272	1.272	2.712
05 29, 2017	1.267	1.270	1.258	1.262	1.262	129.819
05 25, 2017	1.267	1.267	1.267	1.267	1.267	271.457
05 24, 2017	1.257	1.258	1.255	1.255	1.255	11
05 23, 2017	1.251	1.257	1.249	1.252	1.252	14
05 22, 2017	1.261	1.261	1.250	1.254	1.254	20
05 21, 2017	1.251	1.260	1.251	1.260	1.260	14
05 18, 2017	1.252	1.252	1.252	1.252	1.252	14
05 17, 2017	1.254	1.260	1.245	1.251	1.251	43
05 16, 2017	1.241	1.259	1.240	1.257	1.257	26
05 15, 2017	1.230	1.237	1.230	1.235	1.235	20
05 14, 2017	1.227	1.232	1.227	1.228	1.228	13
05 11, 2017	1.228	1.229	1.226	1.226	1.226	29
05 10, 2017	1.218	1.222	1.218	1.222	1.222	13
05 09, 2017	1.219	1.220	1.217	1.217	1.217	23
05 08, 2017	1.226	1.226	1.214	1.214	1.214	55
05 07, 2017	1.224	1.234	1.224	1.225	1.225	43
05 04, 2017	1.227	1.233	1.224	1.224	1.224	16
05 03, 2017	1.239	1.239	1.224	1.226	1.226	72
05 02, 2017	1.255	1.255	1.238	1.246	1.246	195
05 01, 2017	1.256	1.256	1.251	1.255	1.255	90
04 30, 2017	1.268	1.269	1.253	1.253	1.253	34
04 27, 2017	1.265	1.267	1.264	1.266	1.266	85
04 26, 2017	1.266	1.267	1.262	1.263	1.263	206
04 25, 2017	1.266	1.266	1.262	1.262	1.262	1.156
04 24, 2017	1.275	1.276	1.262	1.265	1.265	356
04 23, 2017	1.275	1.276	1.265	1.275	1.275	605
04 20, 2017	1.279	1.287	1.279	1.287	1.287	474
04 19, 2017	1.279	1.281	1.276	1.281	1.281	127
04 18, 2017	1.288	1.288	1.274	1.281	1.281	194
04 17, 2017	1.283	1.291	1.278	1.291	1.291	394
04 16, 2017	1.291	1.294	1.284	1.289	1.289	73
04 12, 2017	1.285	1.287	1.282	1.285	1.285	915
04 11, 2017	1.275	1.285	1.272	1.275	1.275	492
04 10, 2017	1.254	1.273	1.254	1.271	1.271	401
04 09, 2017	1.252	1.255	1.246	1.251	1.251	182
04 06, 2017	1.249	1.269	1.249	1.254	1.254	445
04 05, 2017	1.256	1.257	1.249	1.250	1.250	169
04 04, 2017	1.255	1.255	1.243	1.245	1.245	907
04 03, 2017	1.253	1.260	1.253	1.255	1.255	724
04 02, 2017	1.247	1.252	1.243	1.250	1.250	1.160
03 30, 2017	1.242	1.248	1.238	1.247	1.247	8.223
03 29, 2017	1.253	1.253	1.241	1.245	1.245	51.328
03 28, 2017	1.252	1.253	1.252	1.253	1.253	190.678
03 27, 2017	1.255	1.255	1.255	1.255	1.255	19
03 26, 2017	1.255	1.257	1.253	1.255	1.255	72
03 23, 2017	1.248	1.248	1.247	1.248	1.248	3
03 22, 2017	1.246	1.247	1.244	1.246	1.246	16
03 21, 2017	1.247	1.249	1.247	1.249	1.249	3
03 20, 2017	1.226	1.246	1.226	1.246	1.246	11
03 19, 2017	1.229	1.234	1.229	1.233	1.233	23
03 16, 2017	1.227	1.230	1.227	1.229	1.229	26
03 15, 2017	1.222	1.231	1.222	1.226	1.226	47
03 14, 2017	1.198	1.221	1.197	1.200	1.200	36
03 13, 2017	1.203	1.205	1.196	1.201	1.201	22
03 12, 2017	1.206	1.210	1.202	1.202	1.202	35
03 10, 2017	1.196	1.203	1.196	1.200	1.200	3
03 09, 2017	1.204	1.205	1.202	1.202	1.202	37
03 08, 2017	1.212	1.212	1.206	1.208	1.208	24
03 07, 2017	1.224	1.225	1.213	1.215	1.215	53
03 06, 2017	1.235	1.235	1.224	1.224	1.224	29
03 03, 2017	1.231	1.235	1.222	1.225	1.225	121
03 02, 2017	1.247	1.247	1.230	1.231	1.231	79
03 01, 2017	1.247	1.248	1.236	1.248	1.248	138
02 28, 2017	1.253	1.257	1.247	1.252	1.252	721
02 27, 2017	1.254	1.263	1.250	1.257	1.257	544
02 24, 2017	1.250	1.258	1.250	1.256	1.256	1.264
02 23, 2017	1.236	1.250	1.236	1.250	1.250	112
02 22, 2017	1.236	1.238	1.231	1.232	1.232	36
02 21, 2017	1.237	1.237	1.228	1.237	1.237	119
02 17, 2017	1.240	1.241	1.234	1.237	1.237	301
02 16, 2017	1.234	1.240	1.233	1.240	1.240	87
02 15, 2017	1.225	1.231	1.217	1.231	1.231	175
02 14, 2017	1.225	1.233	1.222	1.223	1.223	159
02 13, 2017	1.230	1.231	1.219	1.224	1.224	398
02 10, 2017	1.227	1.234	1.221	1.234	1.234	391
02 09, 2017	1.239	1.243	1.226	1.235	1.235	885
02 08, 2017	1.232	1.243	1.231	1.237	1.237	288
02 07, 2017	1.234	1.236	1.228	1.234	1.234	1.177
02 06, 2017	1.221	1.235	1.218	1.230	1.230	908
02 03, 2017	1.214	1.220	1.206	1.218	1.218	865
02 02, 2017	1.209	1.224	1.208	1.216	1.216	1.512
02 01, 2017	1.211	1.211	1.197	1.205	1.205	1.145
01 31, 2017	1.194	1.214	1.193	1.208	1.208	3.212
01 30, 2017	1.191	1.198	1.187	1.193	1.193	50.503
01 27, 2017	1.187	1.188	1.187	1.188	1.188	234.352
01 26, 2017	1.199	1.199	1.185	1.189	1.189	19
01 25, 2017	1.202	1.202	1.194	1.197	1.197	403
01 24, 2017	1.219	1.219	1.207	1.210	1.210	24
01 23, 2017	1.212	1.215	1.210	1.215	1.215	16
01 20, 2017	1.202	1.212	1.202	1.204	1.204	38
01 19, 2017	1.200	1.204	1.195	1.200	1.200	26
01 18, 2017	1.213	1.214	1.203	1.211	1.211	114
01 17, 2017	1.205	1.214	1.200	1.212	1.212	79
01 13, 2017	1.195	1.196	1.187	1.195	1.195	65
01 12, 2017	1.192	1.204	1.192	1.198	1.198	110
01 11, 2017	1.187	1.197	1.176	1.195	1.195	20
01 10, 2017	1.184	1.188	1.182	1.184	1.184	8
01 09, 2017	1.173	1.183	1.173	1.183	1.183	62
01 06, 2017	1.176	1.176	1.171	1.171	1.171	16
01 05, 2017	1.172	1.183	1.171	1.179	1.179	500
01 04, 2017	1.156	1.165	1.156	1.163	1.163	36
01 03, 2017	1.155	1.160	1.146	1.160	1.160	52
12 30, 2016	1.162	1.162	1.150	1.150	1.150	16
12 29, 2016	1.143	1.158	1.143	1.156	1.156	950
12 28, 2016	1.141	1.141	1.138	1.139	1.139	1.570
12 27, 2016	1.134	1.142	1.134	1.137	1.137	84
12 23, 2016	1.130	1.132	1.130	1.131	1.131	70
12 22, 2016	1.131	1.132	1.128	1.128	1.128	104
12 21, 2016	1.136	1.136	1.130	1.131	1.131	50
12 20, 2016	1.133	1.133	1.126	1.131	1.131	46
12 19, 2016	1.139	1.140	1.137	1.140	1.140	249
12 16, 2016	1.126	1.140	1.126	1.135	1.135	146
12 15, 2016	1.139	1.143	1.123	1.127	1.127	244
12 14, 2016	1.159	1.164	1.142	1.161	1.161	487
12 13, 2016	1.163	1.164	1.155	1.156	1.156	637
12 12, 2016	1.158	1.163	1.153	1.163	1.163	331
12 09, 2016	1.166	1.168	1.156	1.159	1.159	365
12 08, 2016	1.173	1.177	1.169	1.169	1.169	322
12 07, 2016	1.167	1.178	1.166	1.175	1.175	182
12 06, 2016	1.170	1.174	1.167	1.167	1.167	652
12 05, 2016	1.181	1.186	1.157	1.174	1.174	358
12 02, 2016	1.172	1.177	1.166	1.175	1.175	1.521
12 01, 2016	1.172	1.174	1.160	1.166	1.166	1.588
11 30, 2016	1.187	1.193	1.167	1.170	1.170	7.158
11 29, 2016	1.193	1.194	1.179	1.187	1.187	42.124
11 28, 2016	1.188	1.190	1.188	1.190	1.190	189.914
11 25, 2016	1.177	1.189	1.177	1.178	1.178	14
11 23, 2016	1.212	1.213	1.186	1.189	1.189	309
11 22, 2016	1.210	1.211	1.207	1.211	1.211	19
11 21, 2016	1.209	1.209	1.209	1.209	1.209	19
11 18, 2016	1.211	1.211	1.207	1.208	1.208	607
11 17, 2016	1.224	1.225	1.211	1.216	1.216	1.139
11 16, 2016	1.229	1.229	1.223	1.223	1.223	66
11 15, 2016	1.224	1.226	1.222	1.224	1.224	20
11 14, 2016	1.227	1.229	1.210	1.221	1.221	216
11 10, 2016	1.274	1.287	1.253	1.265	1.265	63
11 09, 2016	1.272	1.318	1.270	1.272	1.272	108
11 08, 2016	1.284	1.289	1.273	1.273	1.273	50
11 07, 2016	1.292	1.294	1.278	1.278	1.278	34
11 03, 2016	1.300	1.303	1.296	1.303	1.303	11
11 02, 2016	1.296	1.303	1.287	1.302	1.302	73
11 01, 2016	1.288	1.307	1.288	1.306	1.306	30
10 31, 2016	1.279	1.290	1.279	1.286	1.286	49
10 30, 2016	1.276	1.276	1.271	1.271	1.271	58
10 27, 2016	1.270	1.281	1.262	1.275	1.275	560
10 26, 2016	1.269	1.269	1.267	1.267	1.267	338
10 25, 2016	1.274	1.274	1.264	1.264	1.264	279
10 24, 2016	1.264	1.274	1.264	1.271	1.271	61
10 23, 2016	1.269	1.269	1.261	1.262	1.262	42
10 20, 2016	1.265	1.265	1.265	1.265	1.265	224
10 19, 2016	1.270	1.270	1.265	1.265	1.265	415
10 18, 2016	1.262	1.271	1.262	1.267	1.267	219
10 17, 2016	1.260	1.261	1.260	1.260	1.260	11
10 16, 2016	1.249	1.255	1.249	1.254	1.254	41
10 13, 2016	1.253	1.253	1.250	1.253	1.253	311
10 12, 2016	1.258	1.259	1.255	1.255	1.255	315
10 11, 2016	1.251	1.254	1.251	1.251	1.251	127
10 10, 2016	1.258	1.258	1.253	1.253	1.253	26
10 06, 2016	1.253	1.263	1.248	1.248	1.248	169
10 05, 2016	1.265	1.265	1.249	1.249	1.249	114
10 04, 2016	1.272	1.274	1.261	1.265	1.265	246
10 03, 2016	1.307	1.310	1.266	1.266	1.266	1.893
10 02, 2016	1.313	1.316	1.308	1.309	1.309	299
09 29, 2016	1.320	1.327	1.312	1.313	1.313	868
09 28, 2016	1.321	1.325	1.314	1.321	1.321	6.108
09 27, 2016	1.319	1.319	1.319	1.319	1.319	10.551
09 26, 2016	1.328	1.328	1.325	1.325	1.325	48
09 25, 2016	1.335	1.341	1.335	1.339	1.339	24
09 22, 2016	1.337	1.337	1.337	1.337	1.337	40
09 21, 2016	1.338	1.340	1.338	1.340	1.340	23
09 20, 2016	1.326	1.326	1.324	1.326	1.326	76
09 19, 2016	1.313	1.313	1.313	1.313	1.313	97
09 18, 2016	1.313	1.313	1.313	1.313	1.313	20
09 15, 2016	1.312	1.312	1.305	1.305	1.305	4
09 14, 2016	1.320	1.320	1.310	1.313	1.313	37
09 13, 2016	1.319	1.322	1.319	1.321	1.321	73
09 12, 2016	1.324	1.324	1.315	1.319	1.319	79
09 11, 2016	1.327	1.329	1.319	1.321	1.321	177
09 08, 2016	1.338	1.338	1.328	1.330	1.330	35
09 07, 2016	1.344	1.345	1.335	1.336	1.336	30
09 06, 2016	1.348	1.350	1.343	1.344	1.344	14
09 05, 2016	1.323	1.349	1.323	1.349	1.349	46
09 01, 2016	1.309	1.326	1.309	1.322	1.322	55
08 31, 2016	1.305	1.313	1.301	1.312	1.312	225
08 30, 2016	1.310	1.313	1.306	1.306	1.306	214
08 29, 2016	1.322	1.322	1.308	1.311	1.311	705
08 28, 2016	1.315	1.323	1.315	1.322	1.322	437
08 25, 2016	1.323	1.340	1.320	1.321	1.321	141
08 24, 2016	1.321	1.324	1.317	1.320	1.320	58
08 23, 2016	1.337	1.337	1.322	1.324	1.324	262
08 22, 2016	1.337	1.341	1.334	1.340	1.340	551
08 21, 2016	1.334	1.337	1.333	1.337	1.337	117
08 18, 2016	1.350	1.350	1.338	1.340	1.340	197
08 17, 2016	1.351	1.354	1.348	1.351	1.351	140
08 16, 2016	1.345	1.347	1.338	1.342	1.342	135
08 15, 2016	1.342	1.355	1.341	1.350	1.350	338
08 14, 2016	1.336	1.340	1.333	1.340	1.340	62
08 11, 2016	1.336	1.351	1.333	1.335	1.335	113
08 10, 2016	1.341	1.350	1.334	1.342	1.342	666
08 09, 2016	1.344	1.354	1.344	1.344	1.344	110
08 08, 2016	1.331	1.339	1.328	1.339	1.339	620
08 07, 2016	1.330	1.335	1.327	1.333	1.333	587
08 04, 2016	1.357	1.360	1.333	1.336	1.336	1.107
08 03, 2016	1.354	1.361	1.347	1.358	1.358	381
08 02, 2016	1.362	1.364	1.353	1.356	1.356	715
08 01, 2016	1.352	1.366	1.346	1.364	1.364	2.941
07 31, 2016	1.348	1.353	1.345	1.351	1.351	1.257
07 28, 2016	1.333	1.353	1.325	1.349	1.349	6.076
07 27, 2016	1.339	1.344	1.330	1.332	1.332	56.908
07 26, 2016	1.326	1.326	1.326	1.326	1.326	215.388
07 25, 2016	1.315	1.320	1.315	1.320	1.320	63
07 24, 2016	1.315	1.319	1.313	1.319	1.319	548
07 21, 2016	1.330	1.330	1.320	1.323	1.323	55
07 20, 2016	1.312	1.330	1.312	1.330	1.330	318
07 19, 2016	1.331	1.337	1.315	1.318	1.318	751
07 18, 2016	1.328	1.333	1.326	1.331	1.331	322
07 17, 2016	1.327	1.335	1.326	1.328	1.328	54
07 14, 2016	1.333	1.333	1.322	1.326	1.326	52
07 13, 2016	1.341	1.341	1.322	1.331	1.331	20
07 12, 2016	1.341	1.342	1.336	1.342	1.342	7
07 11, 2016	1.353	1.356	1.330	1.334	1.334	252
07 10, 2016	1.371	1.371	1.353	1.355	1.355	26
07 07, 2016	1.361	1.365	1.335	1.356	1.356	249
07 06, 2016	1.366	1.368	1.350	1.360	1.360	207
07 05, 2016	1.359	1.374	1.359	1.364	1.364	130
07 04, 2016	1.342	1.356	1.339	1.356	1.356	90
06 30, 2016	1.324	1.344	1.321	1.336	1.336	137
06 29, 2016	1.315	1.323	1.314	1.318	1.318	560
06 28, 2016	1.311	1.327	1.311	1.323	1.323	414
06 27, 2016	1.314	1.315	1.314	1.315	1.315	1.072
06 26, 2016	1.330	1.331	1.320	1.322	1.322	92
06 23, 2016	1.253	1.355	1.253	1.320	1.320	694
06 22, 2016	1.263	1.270	1.255	1.261	1.261	218
06 21, 2016	1.267	1.269	1.264	1.268	1.268	53
06 20, 2016	1.293	1.293	1.266	1.270	1.270	134
06 19, 2016	1.288	1.291	1.280	1.290	1.290	153
06 16, 2016	1.280	1.300	1.280	1.292	1.292	129
06 15, 2016	1.296	1.316	1.281	1.296	1.296	251
06 14, 2016	1.284	1.296	1.278	1.285	1.285	162
06 13, 2016	1.281	1.289	1.277	1.285	1.285	554
06 12, 2016	1.276	1.287	1.273	1.284	1.284	328
06 09, 2016	1.267	1.278	1.265	1.273	1.273	397
06 08, 2016	1.262	1.271	1.258	1.270	1.270	381
06 07, 2016	1.247	1.264	1.247	1.259	1.259	406
06 06, 2016	1.244	1.244	1.236	1.244	1.244	281
06 05, 2016	1.244	1.247	1.240	1.244	1.244	1.135
06 02, 2016	1.209	1.244	1.206	1.240	1.240	1.622
06 01, 2016	1.212	1.217	1.209	1.209	1.209	1.627
05 31, 2016	1.215	1.219	1.205	1.211	1.211	2.717
05 30, 2016	1.212	1.217	1.199	1.214	1.214	6.432
05 26, 2016	1.220	1.223	1.206	1.213	1.213	63.739
05 25, 2016	1.232	1.232	1.220	1.220	1.220	199.778
05 24, 2016	1.219	1.223	1.218	1.223	1.223	5
05 23, 2016	1.240	1.240	1.228	1.228	1.228	20
05 22, 2016	1.251	1.251	1.247	1.251	1.251	56
05 19, 2016	1.256	1.256	1.252	1.252	1.252	44
05 18, 2016	1.248	1.255	1.247	1.254	1.254	69
05 17, 2016	1.276	1.276	1.256	1.273	1.273	17
05 16, 2016	1.272	1.281	1.270	1.276	1.276	16
05 15, 2016	1.272	1.287	1.272	1.273	1.273	44
05 12, 2016	1.271	1.275	1.264	1.271	1.271	66
05 11, 2016	1.267	1.281	1.264	1.270	1.270	101
05 10, 2016	1.266	1.279	1.266	1.274	1.274	50
05 09, 2016	1.265	1.267	1.258	1.263	1.263	23
05 08, 2016	1.286	1.286	1.262	1.265	1.265	341
05 05, 2016	1.278	1.295	1.276	1.292	1.292	305
05 04, 2016	1.282	1.286	1.270	1.271	1.271	330
05 03, 2016	1.286	1.290	1.273	1.273	1.273	109
05 02, 2016	1.292	1.301	1.284	1.290	1.290	151
05 01, 2016	1.292	1.304	1.290	1.294	1.294	192
04 28, 2016	1.267	1.295	1.267	1.289	1.289	464
04 27, 2016	1.245	1.270	1.238	1.265	1.265	887
04 26, 2016	1.248	1.249	1.248	1.249	1.249	547
04 25, 2016	1.239	1.244	1.233	1.242	1.242	97
04 24, 2016	1.231	1.240	1.231	1.238	1.238	442
04 21, 2016	1.248	1.248	1.228	1.228	1.228	188
04 20, 2016	1.247	1.270	1.247	1.249	1.249	124
04 19, 2016	1.256	1.256	1.243	1.253	1.253	180
04 18, 2016	1.231	1.256	1.228	1.253	1.253	386
04 17, 2016	1.238	1.241	1.232	1.233	1.233	304
04 14, 2016	1.225	1.235	1.225	1.233	1.233	97
04 13, 2016	1.231	1.243	1.224	1.225	1.225	264
04 12, 2016	1.256	1.256	1.241	1.246	1.246	203
04 11, 2016	1.260	1.261	1.253	1.259	1.259	185
04 10, 2016	1.241	1.258	1.241	1.256	1.256	437
04 07, 2016	1.241	1.242	1.232	1.242	1.242	409
04 06, 2016	1.224	1.242	1.224	1.236	1.236	375
04 05, 2016	1.230	1.230	1.217	1.222	1.222	248
04 04, 2016	1.215	1.236	1.215	1.228	1.228	477
04 03, 2016	1.221	1.222	1.215	1.218	1.218	2.038
03 31, 2016	1.232	1.235	1.209	1.222	1.222	1.602
03 30, 2016	1.225	1.239	1.224	1.234	1.234	3.377
03 29, 2016	1.241	1.245	1.223	1.226	1.226	48.248
03 28, 2016	1.217	1.235	1.217	1.235	1.235	189.732
03 27, 2016	1.211	1.222	1.210	1.219	1.219	33
03 23, 2016	1.214	1.221	1.214	1.221	1.221	13
03 22, 2016	1.247	1.247	1.218	1.223	1.223	28
03 21, 2016	1.244	1.252	1.243	1.248	1.248	20
03 20, 2016	1.256	1.256	1.243	1.243	1.243	1.061
03 17, 2016	1.257	1.264	1.251	1.253	1.253	542
03 16, 2016	1.261	1.270	1.255	1.264	1.264	27
03 15, 2016	1.229	1.263	1.228	1.229	1.229	45
03 14, 2016	1.228	1.236	1.228	1.230	1.230	37
03 13, 2016	1.256	1.258	1.234	1.244	1.244	58
03 11, 2016	1.270	1.280	1.249	1.258	1.258	87
03 10, 2016	1.250	1.273	1.237	1.272	1.272	119
03 09, 2016	1.254	1.260	1.244	1.256	1.256	79
03 08, 2016	1.268	1.276	1.261	1.262	1.262	43
03 07, 2016	1.259	1.272	1.259	1.263	1.263	67
03 04, 2016	1.263	1.279	1.250	1.269	1.269	268
03 03, 2016	1.238	1.267	1.238	1.257	1.257	123
03 02, 2016	1.232	1.242	1.226	1.241	1.241	267
03 01, 2016	1.240	1.248	1.229	1.230	1.230	477
02 29, 2016	1.218	1.241	1.218	1.233	1.233	580
02 26, 2016	1.232	1.239	1.212	1.219	1.219	656
02 25, 2016	1.239	1.241	1.235	1.238	1.238	1.349
02 24, 2016	1.230	1.250	1.230	1.238	1.238	111
02 23, 2016	1.207	1.226	1.207	1.222	1.222	351
02 22, 2016	1.226	1.226	1.203	1.209	1.209	280
02 19, 2016	1.230	1.232	1.221	1.230	1.230	76
02 18, 2016	1.209	1.239	1.201	1.226	1.226	315
02 17, 2016	1.196	1.212	1.196	1.211	1.211	53
02 16, 2016	1.233	1.233	1.193	1.207	1.207	422
02 12, 2016	1.247	1.247	1.233	1.239	1.239	250
02 11, 2016	1.205	1.260	1.204	1.247	1.247	995
02 10, 2016	1.189	1.197	1.182	1.194	1.194	671
02 09, 2016	1.188	1.199	1.186	1.198	1.198	700
02 08, 2016	1.173	1.200	1.165	1.197	1.197	931
02 05, 2016	1.155	1.174	1.146	1.157	1.157	877
02 04, 2016	1.142	1.157	1.141	1.157	1.157	771
02 03, 2016	1.128	1.146	1.125	1.141	1.141	1.630
02 02, 2016	1.128	1.131	1.123	1.127	1.127	1.230
02 01, 2016	1.116	1.130	1.115	1.127	1.127	1.682
01 29, 2016	1.114	1.118	1.108	1.116	1.116	6.955
01 28, 2016	1.125	1.125	1.109	1.115	1.115	52.861
01 27, 2016	1.117	1.117	1.115	1.116	1.116	168.706
01 26, 2016	1.115	1.121	1.114	1.121	1.121	181
01 25, 2016	1.099	1.109	1.099	1.106	1.106	8
01 22, 2016	1.098	1.103	1.097	1.097	1.097	4
01 21, 2016	1.103	1.103	1.094	1.099	1.099	16
01 20, 2016	1.099	1.109	1.099	1.107	1.107	30
01 19, 2016	1.089	1.094	1.084	1.089	1.089	17
01 15, 2016	1.085	1.095	1.081	1.091	1.091	44
01 14, 2016	1.091	1.091	1.073	1.073	1.073	59
01 13, 2016	1.081	1.093	1.081	1.087	1.087	50
01 12, 2016	1.093	1.098	1.084	1.085	1.085	87
01 11, 2016	1.105	1.107	1.096	1.096	1.096	43
01 08, 2016	1.111	1.111	1.093	1.097	1.097	98